Name,Email,Financial Status,Created at,Paid at,Lineitem quantity,Lineitem name,Lineitem price,Lineitem sku,Lineitem discount,Lineitem fulfillment status,Subtotal,Shipping,Taxes,Total,Discount Amount,Refunded Amount
#1000,acharlton@example.com,paid,2025-07-08 15:00:00 +0000,2025-07-08 15:00:00 +0000,2,Womens Performa Jane Evo - Beige,150.0,V-SS26P-26W2102PNAN-BEG,0,fulfilled,300.0,10.0,60.0,370.0,0.0,0.0
#1000,,,2025-07-08 15:00:00 +0000,2025-07-08 15:00:00 +0000,2,Oversized Longsleeve Hoodie - Grey,365.0,RU02E1623-FW25P-50-BOSCO,0,fulfilled,,,,,,
#1001,naomi27@example.org,paid,2025-06-27 18:00:00 +0000,2025-06-27 18:00:00 +0000,1,Womens Performa Jane Evo - Beige,150.0,V-SS26P-26W2102PNAN-BEG,0,fulfilled,100.0,10.0,20.0,130.0,50.0,0.0
#1001,,,2025-06-27 18:00:00 +0000,2025-06-27 18:00:00 +0000,2,Hollywood Banana Longsleeve Tee,235.0,RU02E1262-FW25P-50-WASHE,0,fulfilled,,,,,,
#1002,ojackson@example.net,paid,2025-03-22 11:00:00 +0000,2025-03-22 11:00:00 +0000,1,Marmalade Candle - 175g,60.0,CANDLE-MARM-175,0,fulfilled,60.0,10.0,12.0,82.0,0.0,0.0
#1002,,,2025-03-22 11:00:00 +0000,2025-03-22 11:00:00 +0000,1,Oversized Longsleeve Hoodie - Grey,365.0,RU02E1623-FW25P-50-BOSCO,0,fulfilled,,,,,,
#1003,millerleigh@example.org,paid,2025-03-24 19:00:00 +0000,2025-03-24 19:00:00 +0000,2,Womens Performa Jane Evo - Beige,150.0,V-SS26P-26W2102PNAN-BEG,0,fulfilled,250.0,10.0,50.0,310.0,50.0,0.0
#1004,andersonsuzanne@example.org,paid,2025-03-28 22:00:00 +0000,2025-03-28 22:00:00 +0000,1,Marmalade Candle - 175g,60.0,CANDLE-MARM-175,0,fulfilled,60.0,10.0,12.0,82.0,0.0,0.0
#1004,,,2025-03-28 22:00:00 +0000,2025-03-28 22:00:00 +0000,1,Mens Jaya Evo Mules - Black,155.0,25M1501P-FW25P-43-BLACK,0,fulfilled,,,,,,
#1004,,,2025-03-28 22:00:00 +0000,2025-03-28 22:00:00 +0000,1,Sport Uniform Skirt - Black,250.0,SPORT-SKIRT-BLK-M,0,fulfilled,,,,,,
#1005,tbryant@example.org,paid,2025-11-22 17:00:00 +0000,2025-11-22 17:00:00 +0000,2,Mens Jaya Evo Mules - Black,155.0,25M1501P-FW25P-43-BLACK,0,fulfilled,310.0,10.0,62.0,382.0,0.0,0.0
#1006,debraevans@example.net,paid,2025-09-29 17:00:00 +0000,2025-09-29 17:00:00 +0000,2,Marmalade Candle - 175g,60.0,CANDLE-MARM-175,0,fulfilled,120.0,10.0,24.0,154.0,0.0,0.0
#1007,vgiles@example.com,paid,2025-11-19 08:00:00 +0000,2025-11-19 08:00:00 +0000,1,Hollywood Banana Longsleeve Tee,235.0,RU02E1262-FW25P-50-WASHE,0,fulfilled,235.0,10.0,47.0,292.0,0.0,0.0
#1007,,,2025-11-19 08:00:00 +0000,2025-11-19 08:00:00 +0000,1,Womens Performa Jane Evo - Beige,150.0,V-SS26P-26W2102PNAN-BEG,0,fulfilled,,,,,,
#1008,gashton@example.org,paid,2025-11-30 22:00:00 +0000,2025-11-30 22:00:00 +0000,1,Sport Uniform Skirt - Black,250.0,SPORT-SKIRT-BLK-M,0,fulfilled,200.0,10.0,40.0,250.0,50.0,0.0
#1009,wbell@example.net,paid,2025-03-20 10:00:00 +0000,2025-03-20 10:00:00 +0000,2,Mens Jaya Evo Mules - Black,155.0,25M1501P-FW25P-43-BLACK,0,fulfilled,310.0,10.0,62.0,382.0,0.0,0.0
#1009,,,2025-03-20 10:00:00 +0000,2025-03-20 10:00:00 +0000,1,Sport Uniform Skirt - Black,250.0,SPORT-SKIRT-BLK-M,0,fulfilled,,,,,,
#1010,gardneredward@example.net,paid,2025-07-16 09:00:00 +0000,2025-07-16 09:00:00 +0000,1,Hollywood Banana Longsleeve Tee,235.0,RU02E1262-FW25P-50-WASHE,0,fulfilled,235.0,10.0,47.0,292.0,0.0,0.0
#1010,,,2025-07-16 09:00:00 +0000,2025-07-16 09:00:00 +0000,2,Sport Uniform Skirt - Black,250.0,SPORT-SKIRT-BLK-M,0,fulfilled,,,,,,
#1011,zoe61@example.org,paid,2025-11-23 16:00:00 +0000,2025-11-23 16:00:00 +0000,1,Oversized Longsleeve Hoodie - Grey,365.0,RU02E1623-FW25P-50-BOSCO,0,fulfilled,365.0,10.0,73.0,448.0,0.0,0.0
#1011,,,2025-11-23 16:00:00 +0000,2025-11-23 16:00:00 +0000,1,Sport Uniform Skirt - Black,250.0,SPORT-SKIRT-BLK-M,0,fulfilled,,,,,,
#1011,,,2025-11-23 16:00:00 +0000,2025-11-23 16:00:00 +0000,2,Marmalade Candle - 175g,60.0,CANDLE-MARM-175,0,fulfilled,,,,,,
#1012,henryevans@example.net,paid,2025-03-23 13:00:00 +0000,2025-03-23 13:00:00 +0000,1,Marmalade Candle - 175g,60.0,CANDLE-MARM-175,0,fulfilled,60.0,10.0,12.0,82.0,0.0,0.0
#1013,seanwilliams@example.net,paid,2025-01-24 09:00:00 +0000,2025-01-24 09:00:00 +0000,2,Womens Performa Jane Evo - Beige,150.0,V-SS26P-26W2102PNAN-BEG,0,fulfilled,300.0,10.0,60.0,370.0,0.0,0.0
#1013,,,2025-01-24 09:00:00 +0000,2025-01-24 09:00:00 +0000,2,Sport Uniform Skirt - Black,250.0,SPORT-SKIRT-BLK-M,0,fulfilled,,,,,,
#1013,,,2025-01-24 09:00:00 +0000,2025-01-24 09:00:00 +0000,1,Hollywood Banana Longsleeve Tee,235.0,RU02E1262-FW25P-50-WASHE,0,fulfilled,,,,,,
#1014,fisherian@example.net,paid,2025-07-16 11:00:00 +0000,2025-07-16 11:00:00 +0000,1,Hollywood Banana Longsleeve Tee,235.0,RU02E1262-FW25P-50-WASHE,0,fulfilled,235.0,10.0,47.0,292.0,0.0,0.0
#1014,,,2025-07-16 11:00:00 +0000,2025-07-16 11:00:00 +0000,2,Oversized Longsleeve Hoodie - Grey,365.0,RU02E1623-FW25P-50-BOSCO,0,fulfilled,,,,,,
#1014,,,2025-07-16 11:00:00 +0000,2025-07-16 11:00:00 +0000,2,Marmalade Candle - 175g,60.0,CANDLE-MARM-175,0,fulfilled,,,,,,
#1015,jenningscheryl@example.net,paid,2025-02-05 09:00:00 +0000,2025-02-05 09:00:00 +0000,1,Hollywood Banana Longsleeve Tee,235.0,RU02E1262-FW25P-50-WASHE,0,fulfilled,235.0,10.0,47.0,292.0,0.0,0.0
#1015,,,2025-02-05 09:00:00 +0000,2025-02-05 09:00:00 +0000,1,Marmalade Candle - 175g,60.0,CANDLE-MARM-175,0,fulfilled,,,,,,
#1015,,,2025-02-05 09:00:00 +0000,2025-02-05 09:00:00 +0000,1,Oversized Longsleeve Hoodie - Grey,365.0,RU02E1623-FW25P-50-BOSCO,0,fulfilled,,,,,,
#1016,mariangilbert@example.com,paid,2025-12-28 08:00:00 +0000,2025-12-28 08:00:00 +0000,2,Sport Uniform Skirt - Black,250.0,SPORT-SKIRT-BLK-M,0,fulfilled,500.0,10.0,100.0,610.0,0.0,0.0
#1017,emma37@example.org,paid,2025-07-02 09:00:00 +0000,2025-07-02 09:00:00 +0000,2,Hollywood Banana Longsleeve Tee,235.0,RU02E1262-FW25P-50-WASHE,0,fulfilled,470.0,10.0,94.0,574.0,0.0,0.0
#1018,patelryan@example.net,paid,2025-09-17 11:00:00 +0000,2025-09-17 11:00:00 +0000,1,Sport Uniform Skirt - Black,250.0,SPORT-SKIRT-BLK-M,0,fulfilled,250.0,10.0,50.0,310.0,0.0,0.0
#1019,bahmed@example.net,paid,2025-01-07 19:00:00 +0000,2025-01-07 19:00:00 +0000,2,Womens Performa Jane Evo - Beige,150.0,V-SS26P-26W2102PNAN-BEG,0,fulfilled,300.0,10.0,60.0,370.0,0.0,0.0
#1020,deanhodgson@example.com,paid,2025-11-01 15:00:00 +0000,2025-11-01 15:00:00 +0000,2,Oversized Longsleeve Hoodie - Grey,365.0,RU02E1623-FW25P-50-BOSCO,0,fulfilled,680.0,10.0,136.0,826.0,50.0,0.0
#1021,carternaomi@example.net,paid,2025-04-26 10:00:00 +0000,2025-04-26 10:00:00 +0000,1,Hollywood Banana Longsleeve Tee,235.0,RU02E1262-FW25P-50-WASHE,0,fulfilled,235.0,10.0,47.0,292.0,0.0,0.0
#1021,,,2025-04-26 10:00:00 +0000,2025-04-26 10:00:00 +0000,1,Sport Uniform Skirt - Black,250.0,SPORT-SKIRT-BLK-M,0,fulfilled,,,,,,
#1022,francesca65@example.org,paid,2025-08-05 09:00:00 +0000,2025-08-05 09:00:00 +0000,2,Hollywood Banana Longsleeve Tee,235.0,RU02E1262-FW25P-50-WASHE,0,fulfilled,420.0,10.0,84.0,514.0,50.0,0.0
#1023,jonesderek@example.com,paid,2025-01-21 11:00:00 +0000,2025-01-21 11:00:00 +0000,1,Sport Uniform Skirt - Black,250.0,SPORT-SKIRT-BLK-M,0,fulfilled,200.0,10.0,40.0,250.0,50.0,0.0
#1024,gillian98@example.org,paid,2025-02-13 17:00:00 +0000,2025-02-13 17:00:00 +0000,2,Marmalade Candle - 175g,60.0,CANDLE-MARM-175,0,fulfilled,120.0,10.0,24.0,154.0,0.0,0.0
#1024,,,2025-02-13 17:00:00 +0000,2025-02-13 17:00:00 +0000,2,Mens Jaya Evo Mules - Black,155.0,25M1501P-FW25P-43-BLACK,0,fulfilled,,,,,,
#1024,,,2025-02-13 17:00:00 +0000,2025-02-13 17:00:00 +0000,1,Oversized Longsleeve Hoodie - Grey,365.0,RU02E1623-FW25P-50-BOSCO,0,fulfilled,,,,,,
#1025,shaun74@example.com,paid,2025-01-19 19:00:00 +0000,2025-01-19 19:00:00 +0000,1,Oversized Longsleeve Hoodie - Grey,365.0,RU02E1623-FW25P-50-BOSCO,0,fulfilled,365.0,10.0,73.0,448.0,0.0,0.0
#1025,,,2025-01-19 19:00:00 +0000,2025-01-19 19:00:00 +0000,1,Sport Uniform Skirt - Black,250.0,SPORT-SKIRT-BLK-M,0,fulfilled,,,,,,
#1026,norrisvalerie@example.net,paid,2025-10-04 13:00:00 +0000,2025-10-04 13:00:00 +0000,1,Mens Jaya Evo Mules - Black,155.0,25M1501P-FW25P-43-BLACK,0,fulfilled,155.0,10.0,31.0,196.0,0.0,0.0
#1027,gemmaread@example.net,paid,2025-10-13 15:00:00 +0000,2025-10-13 15:00:00 +0000,1,Womens Performa Jane Evo - Beige,150.0,V-SS26P-26W2102PNAN-BEG,0,fulfilled,100.0,10.0,20.0,130.0,50.0,0.0
#1028,tross@example.org,paid,2025-12-18 13:00:00 +0000,2025-12-18 13:00:00 +0000,1,Hollywood Banana Longsleeve Tee,235.0,RU02E1262-FW25P-50-WASHE,0,fulfilled,185.0,10.0,37.0,232.0,50.0,0.0
#1028,,,2025-12-18 13:00:00 +0000,2025-12-18 13:00:00 +0000,2,Oversized Longsleeve Hoodie - Grey,365.0,RU02E1623-FW25P-50-BOSCO,0,fulfilled,,,,,,
#1029,lynne30@example.net,paid,2025-08-15 19:00:00 +0000,2025-08-15 19:00:00 +0000,1,Oversized Longsleeve Hoodie - Grey,365.0,RU02E1623-FW25P-50-BOSCO,0,fulfilled,365.0,10.0,73.0,448.0,0.0,0.0
#1029,,,2025-08-15 19:00:00 +0000,2025-08-15 19:00:00 +0000,1,Womens Performa Jane Evo - Beige,150.0,V-SS26P-26W2102PNAN-BEG,0,fulfilled,,,,,,
#1030,zwilson@example.com,paid,2025-11-24 18:00:00 +0000,2025-11-24 18:00:00 +0000,2,Mens Jaya Evo Mules - Black,155.0,25M1501P-FW25P-43-BLACK,0,fulfilled,310.0,10.0,62.0,382.0,0.0,0.0
#1031,leigh98@example.org,paid,2025-11-09 10:00:00 +0000,2025-11-09 10:00:00 +0000,1,Sport Uniform Skirt - Black,250.0,SPORT-SKIRT-BLK-M,0,fulfilled,250.0,10.0,50.0,310.0,0.0,0.0
#1031,,,2025-11-09 10:00:00 +0000,2025-11-09 10:00:00 +0000,2,Marmalade Candle - 175g,60.0,CANDLE-MARM-175,0,fulfilled,,,,,,
#1032,dorothyevans@example.com,paid,2025-11-26 20:00:00 +0000,2025-11-26 20:00:00 +0000,1,Sport Uniform Skirt - Black,250.0,SPORT-SKIRT-BLK-M,0,fulfilled,250.0,10.0,50.0,310.0,0.0,0.0
#1033,williamsjason@example.org,paid,2025-03-10 16:00:00 +0000,2025-03-10 16:00:00 +0000,2,Sport Uniform Skirt - Black,250.0,SPORT-SKIRT-BLK-M,0,fulfilled,500.0,10.0,100.0,610.0,0.0,0.0
#1033,,,2025-03-10 16:00:00 +0000,2025-03-10 16:00:00 +0000,1,Hollywood Banana Longsleeve Tee,235.0,RU02E1262-FW25P-50-WASHE,0,fulfilled,,,,,,
#1033,,,2025-03-10 16:00:00 +0000,2025-03-10 16:00:00 +0000,1,Marmalade Candle - 175g,60.0,CANDLE-MARM-175,0,fulfilled,,,,,,
#1034,saundersshannon@example.com,paid,2025-06-21 12:00:00 +0000,2025-06-21 12:00:00 +0000,1,Womens Performa Jane Evo - Beige,150.0,V-SS26P-26W2102PNAN-BEG,0,fulfilled,150.0,10.0,30.0,190.0,0.0,0.0
#1034,,,2025-06-21 12:00:00 +0000,2025-06-21 12:00:00 +0000,2,Oversized Longsleeve Hoodie - Grey,365.0,RU02E1623-FW25P-50-BOSCO,0,fulfilled,,,,,,
#1035,rosemary70@example.net,paid,2025-06-07 19:00:00 +0000,2025-06-07 19:00:00 +0000,2,Oversized Longsleeve Hoodie - Grey,365.0,RU02E1623-FW25P-50-BOSCO,0,fulfilled,680.0,10.0,136.0,826.0,50.0,0.0
#1036,kaurjoanne@example.org,paid,2025-09-24 09:00:00 +0000,2025-09-24 09:00:00 +0000,2,Oversized Longsleeve Hoodie - Grey,365.0,RU02E1623-FW25P-50-BOSCO,0,fulfilled,730.0,10.0,146.0,886.0,0.0,0.0
#1036,,,2025-09-24 09:00:00 +0000,2025-09-24 09:00:00 +0000,1,Marmalade Candle - 175g,60.0,CANDLE-MARM-175,0,fulfilled,,,,,,
#1037,zoenixon@example.net,paid,2025-04-20 18:00:00 +0000,2025-04-20 18:00:00 +0000,2,Marmalade Candle - 175g,60.0,CANDLE-MARM-175,0,fulfilled,120.0,10.0,24.0,154.0,0.0,0.0
#1037,,,2025-04-20 18:00:00 +0000,2025-04-20 18:00:00 +0000,2,Oversized Longsleeve Hoodie - Grey,365.0,RU02E1623-FW25P-50-BOSCO,0,fulfilled,,,,,,
#1037,,,2025-04-20 18:00:00 +0000,2025-04-20 18:00:00 +0000,2,Sport Uniform Skirt - Black,250.0,SPORT-SKIRT-BLK-M,0,fulfilled,,,,,,
#1038,gilbertvanessa@example.net,paid,2025-01-03 10:00:00 +0000,2025-01-03 10:00:00 +0000,2,Sport Uniform Skirt - Black,250.0,SPORT-SKIRT-BLK-M,0,fulfilled,500.0,10.0,100.0,610.0,0.0,0.0
#1039,osbornedenise@example.com,paid,2025-07-15 09:00:00 +0000,2025-07-15 09:00:00 +0000,2,Marmalade Candle - 175g,60.0,CANDLE-MARM-175,0,fulfilled,120.0,10.0,24.0,154.0,0.0,0.0
#1039,,,2025-07-15 09:00:00 +0000,2025-07-15 09:00:00 +0000,2,Oversized Longsleeve Hoodie - Grey,365.0,RU02E1623-FW25P-50-BOSCO,0,fulfilled,,,,,,
#1040,coneill@example.org,paid,2025-02-07 10:00:00 +0000,2025-02-07 10:00:00 +0000,2,Womens Performa Jane Evo - Beige,150.0,V-SS26P-26W2102PNAN-BEG,0,fulfilled,300.0,10.0,60.0,370.0,0.0,0.0
#1041,humphriesmaureen@example.net,paid,2025-10-22 10:00:00 +0000,2025-10-22 10:00:00 +0000,1,Mens Jaya Evo Mules - Black,155.0,25M1501P-FW25P-43-BLACK,0,fulfilled,105.0,10.0,21.0,136.0,50.0,0.0
#1042,qgreen@example.com,paid,2025-09-20 22:00:00 +0000,2025-09-20 22:00:00 +0000,2,Sport Uniform Skirt - Black,250.0,SPORT-SKIRT-BLK-M,0,fulfilled,500.0,10.0,100.0,610.0,0.0,0.0
#1042,,,2025-09-20 22:00:00 +0000,2025-09-20 22:00:00 +0000,2,Hollywood Banana Longsleeve Tee,235.0,RU02E1262-FW25P-50-WASHE,0,fulfilled,,,,,,
#1043,whiteheadmohamed@example.com,paid,2025-03-09 18:00:00 +0000,2025-03-09 18:00:00 +0000,2,Oversized Longsleeve Hoodie - Grey,365.0,RU02E1623-FW25P-50-BOSCO,0,fulfilled,730.0,10.0,146.0,886.0,0.0,0.0
#1043,,,2025-03-09 18:00:00 +0000,2025-03-09 18:00:00 +0000,1,Sport Uniform Skirt - Black,250.0,SPORT-SKIRT-BLK-M,0,fulfilled,,,,,,
#1043,,,2025-03-09 18:00:00 +0000,2025-03-09 18:00:00 +0000,1,Hollywood Banana Longsleeve Tee,235.0,RU02E1262-FW25P-50-WASHE,0,fulfilled,,,,,,
#1044,peterbell@example.net,paid,2025-02-26 13:00:00 +0000,2025-02-26 13:00:00 +0000,2,Oversized Longsleeve Hoodie - Grey,365.0,RU02E1623-FW25P-50-BOSCO,0,fulfilled,680.0,10.0,136.0,826.0,50.0,0.0
#1044,,,2025-02-26 13:00:00 +0000,2025-02-26 13:00:00 +0000,1,Womens Performa Jane Evo - Beige,150.0,V-SS26P-26W2102PNAN-BEG,0,fulfilled,,,,,,
#1045,hodgsoncallum@example.com,paid,2025-02-11 17:00:00 +0000,2025-02-11 17:00:00 +0000,2,Mens Jaya Evo Mules - Black,155.0,25M1501P-FW25P-43-BLACK,0,fulfilled,260.0,10.0,52.0,322.0,50.0,0.0
#1046,smithrussell@example.com,paid,2025-03-22 14:00:00 +0000,2025-03-22 14:00:00 +0000,1,Womens Performa Jane Evo - Beige,150.0,V-SS26P-26W2102PNAN-BEG,0,fulfilled,150.0,10.0,30.0,190.0,0.0,0.0
#1046,,,2025-03-22 14:00:00 +0000,2025-03-22 14:00:00 +0000,2,Sport Uniform Skirt - Black,250.0,SPORT-SKIRT-BLK-M,0,fulfilled,,,,,,
#1046,,,2025-03-22 14:00:00 +0000,2025-03-22 14:00:00 +0000,1,Hollywood Banana Longsleeve Tee,235.0,RU02E1262-FW25P-50-WASHE,0,fulfilled,,,,,,
#1047,hmitchell@example.org,paid,2025-05-09 19:00:00 +0000,2025-05-09 19:00:00 +0000,2,Hollywood Banana Longsleeve Tee,235.0,RU02E1262-FW25P-50-WASHE,0,fulfilled,470.0,10.0,94.0,574.0,0.0,0.0
#1048,damianmorgan@example.net,paid,2025-06-26 16:00:00 +0000,2025-06-26 16:00:00 +0000,2,Sport Uniform Skirt - Black,250.0,SPORT-SKIRT-BLK-M,0,fulfilled,450.0,10.0,90.0,550.0,50.0,0.0
#1049,charlie54@example.com,paid,2025-01-13 12:00:00 +0000,2025-01-13 12:00:00 +0000,1,Mens Jaya Evo Mules - Black,155.0,25M1501P-FW25P-43-BLACK,0,fulfilled,105.0,10.0,21.0,136.0,50.0,0.0
#1049,,,2025-01-13 12:00:00 +0000,2025-01-13 12:00:00 +0000,1,Hollywood Banana Longsleeve Tee,235.0,RU02E1262-FW25P-50-WASHE,0,fulfilled,,,,,,
#1049,,,2025-01-13 12:00:00 +0000,2025-01-13 12:00:00 +0000,1,Womens Performa Jane Evo - Beige,150.0,V-SS26P-26W2102PNAN-BEG,0,fulfilled,,,,,,
#1050,jameskenneth@example.com,paid,2025-11-13 18:00:00 +0000,2025-11-13 18:00:00 +0000,2,Marmalade Candle - 175g,60.0,CANDLE-MARM-175,0,fulfilled,70.0,10.0,14.0,94.0,50.0,0.0
#1050,,,2025-11-13 18:00:00 +0000,2025-11-13 18:00:00 +0000,2,Mens Jaya Evo Mules - Black,155.0,25M1501P-FW25P-43-BLACK,0,fulfilled,,,,,,
#1050,,,2025-11-13 18:00:00 +0000,2025-11-13 18:00:00 +0000,1,Hollywood Banana Longsleeve Tee,235.0,RU02E1262-FW25P-50-WASHE,0,fulfilled,,,,,,
#1051,kmacdonald@example.org,paid,2025-08-23 13:00:00 +0000,2025-08-23 13:00:00 +0000,2,Mens Jaya Evo Mules - Black,155.0,25M1501P-FW25P-43-BLACK,0,fulfilled,310.0,10.0,62.0,382.0,0.0,0.0
#1051,,,2025-08-23 13:00:00 +0000,2025-08-23 13:00:00 +0000,1,Marmalade Candle - 175g,60.0,CANDLE-MARM-175,0,fulfilled,,,,,,
#1051,,,2025-08-23 13:00:00 +0000,2025-08-23 13:00:00 +0000,1,Hollywood Banana Longsleeve Tee,235.0,RU02E1262-FW25P-50-WASHE,0,fulfilled,,,,,,
#1052,vbond@example.net,paid,2025-07-19 10:00:00 +0000,2025-07-19 10:00:00 +0000,2,Womens Performa Jane Evo - Beige,150.0,V-SS26P-26W2102PNAN-BEG,0,fulfilled,300.0,10.0,60.0,370.0,0.0,0.0
#1053,haywardaaron@example.org,paid,2025-10-13 14:00:00 +0000,2025-10-13 14:00:00 +0000,2,Oversized Longsleeve Hoodie - Grey,365.0,RU02E1623-FW25P-50-BOSCO,0,fulfilled,730.0,10.0,146.0,886.0,0.0,0.0
#1054,jodie01@example.net,paid,2025-06-15 21:00:00 +0000,2025-06-15 21:00:00 +0000,1,Womens Performa Jane Evo - Beige,150.0,V-SS26P-26W2102PNAN-BEG,0,fulfilled,100.0,10.0,20.0,130.0,50.0,0.0
#1055,junecooke@example.com,paid,2025-09-14 17:00:00 +0000,2025-09-14 17:00:00 +0000,2,Hollywood Banana Longsleeve Tee,235.0,RU02E1262-FW25P-50-WASHE,0,fulfilled,420.0,10.0,84.0,514.0,50.0,0.0
#1056,joshua41@example.org,paid,2025-04-10 13:00:00 +0000,2025-04-10 13:00:00 +0000,2,Womens Performa Jane Evo - Beige,150.0,V-SS26P-26W2102PNAN-BEG,0,fulfilled,300.0,10.0,60.0,370.0,0.0,0.0
#1056,,,2025-04-10 13:00:00 +0000,2025-04-10 13:00:00 +0000,1,Sport Uniform Skirt - Black,250.0,SPORT-SKIRT-BLK-M,0,fulfilled,,,,,,
#1057,rosie75@example.org,paid,2025-11-06 08:00:00 +0000,2025-11-06 08:00:00 +0000,1,Hollywood Banana Longsleeve Tee,235.0,RU02E1262-FW25P-50-WASHE,0,fulfilled,235.0,10.0,47.0,292.0,0.0,0.0
#1058,lisajones@example.net,paid,2025-06-07 11:00:00 +0000,2025-06-07 11:00:00 +0000,1,Oversized Longsleeve Hoodie - Grey,365.0,RU02E1623-FW25P-50-BOSCO,0,fulfilled,365.0,10.0,73.0,448.0,0.0,0.0
#1058,,,2025-06-07 11:00:00 +0000,2025-06-07 11:00:00 +0000,2,Mens Jaya Evo Mules - Black,155.0,25M1501P-FW25P-43-BLACK,0,fulfilled,,,,,,
#1059,mitchell06@example.net,paid,2025-06-28 13:00:00 +0000,2025-06-28 13:00:00 +0000,2,Mens Jaya Evo Mules - Black,155.0,25M1501P-FW25P-43-BLACK,0,fulfilled,310.0,10.0,62.0,382.0,0.0,0.0
#1060,mitchellturner@example.com,paid,2025-07-15 17:00:00 +0000,2025-07-15 17:00:00 +0000,1,Mens Jaya Evo Mules - Black,155.0,25M1501P-FW25P-43-BLACK,0,fulfilled,155.0,10.0,31.0,196.0,0.0,0.0
#1061,kroberts@example.net,paid,2025-11-18 16:00:00 +0000,2025-11-18 16:00:00 +0000,2,Sport Uniform Skirt - Black,250.0,SPORT-SKIRT-BLK-M,0,fulfilled,500.0,10.0,100.0,610.0,0.0,0.0
#1062,garrychapman@example.org,paid,2025-03-10 09:00:00 +0000,2025-03-10 09:00:00 +0000,2,Oversized Longsleeve Hoodie - Grey,365.0,RU02E1623-FW25P-50-BOSCO,0,fulfilled,730.0,10.0,146.0,886.0,0.0,0.0
#1062,,,2025-03-10 09:00:00 +0000,2025-03-10 09:00:00 +0000,1,Womens Performa Jane Evo - Beige,150.0,V-SS26P-26W2102PNAN-BEG,0,fulfilled,,,,,,
#1063,mariawalker@example.org,paid,2025-02-23 10:00:00 +0000,2025-02-23 10:00:00 +0000,2,Hollywood Banana Longsleeve Tee,235.0,RU02E1262-FW25P-50-WASHE,0,fulfilled,470.0,10.0,94.0,574.0,0.0,0.0
#1063,,,2025-02-23 10:00:00 +0000,2025-02-23 10:00:00 +0000,1,Oversized Longsleeve Hoodie - Grey,365.0,RU02E1623-FW25P-50-BOSCO,0,fulfilled,,,,,,
#1064,jeffrey30@example.org,paid,2025-07-04 16:00:00 +0000,2025-07-04 16:00:00 +0000,2,Mens Jaya Evo Mules - Black,155.0,25M1501P-FW25P-43-BLACK,0,fulfilled,310.0,10.0,62.0,382.0,0.0,0.0
#1064,,,2025-07-04 16:00:00 +0000,2025-07-04 16:00:00 +0000,2,Hollywood Banana Longsleeve Tee,235.0,RU02E1262-FW25P-50-WASHE,0,fulfilled,,,,,,
#1065,zstokes@example.com,paid,2025-05-17 21:00:00 +0000,2025-05-17 21:00:00 +0000,1,Womens Performa Jane Evo - Beige,150.0,V-SS26P-26W2102PNAN-BEG,0,fulfilled,100.0,10.0,20.0,130.0,50.0,0.0
#1066,leonharrison@example.com,paid,2025-07-13 21:00:00 +0000,2025-07-13 21:00:00 +0000,2,Oversized Longsleeve Hoodie - Grey,365.0,RU02E1623-FW25P-50-BOSCO,0,fulfilled,730.0,10.0,146.0,886.0,0.0,0.0
#1066,,,2025-07-13 21:00:00 +0000,2025-07-13 21:00:00 +0000,2,Marmalade Candle - 175g,60.0,CANDLE-MARM-175,0,fulfilled,,,,,,
#1067,lprice@example.org,paid,2025-08-31 10:00:00 +0000,2025-08-31 10:00:00 +0000,1,Womens Performa Jane Evo - Beige,150.0,V-SS26P-26W2102PNAN-BEG,0,fulfilled,100.0,10.0,20.0,130.0,50.0,0.0
#1067,,,2025-08-31 10:00:00 +0000,2025-08-31 10:00:00 +0000,2,Hollywood Banana Longsleeve Tee,235.0,RU02E1262-FW25P-50-WASHE,0,fulfilled,,,,,,
#1068,taylortrevor@example.com,paid,2025-11-04 19:00:00 +0000,2025-11-04 19:00:00 +0000,2,Mens Jaya Evo Mules - Black,155.0,25M1501P-FW25P-43-BLACK,0,fulfilled,310.0,10.0,62.0,382.0,0.0,0.0
#1068,,,2025-11-04 19:00:00 +0000,2025-11-04 19:00:00 +0000,2,Oversized Longsleeve Hoodie - Grey,365.0,RU02E1623-FW25P-50-BOSCO,0,fulfilled,,,,,,
#1068,,,2025-11-04 19:00:00 +0000,2025-11-04 19:00:00 +0000,2,Marmalade Candle - 175g,60.0,CANDLE-MARM-175,0,fulfilled,,,,,,
#1069,yhughes@example.com,paid,2025-03-07 18:00:00 +0000,2025-03-07 18:00:00 +0000,2,Mens Jaya Evo Mules - Black,155.0,25M1501P-FW25P-43-BLACK,0,fulfilled,310.0,10.0,62.0,382.0,0.0,0.0
#1070,karlparker@example.com,paid,2025-11-06 12:00:00 +0000,2025-11-06 12:00:00 +0000,1,Marmalade Candle - 175g,60.0,CANDLE-MARM-175,0,fulfilled,10.0,10.0,2.0,22.0,50.0,0.0
#1071,wilsonjoe@example.org,paid,2025-04-01 18:00:00 +0000,2025-04-01 18:00:00 +0000,1,Womens Performa Jane Evo - Beige,150.0,V-SS26P-26W2102PNAN-BEG,0,fulfilled,150.0,10.0,30.0,190.0,0.0,0.0
#1072,lorraine05@example.com,paid,2025-05-15 08:00:00 +0000,2025-05-15 08:00:00 +0000,1,Sport Uniform Skirt - Black,250.0,SPORT-SKIRT-BLK-M,0,fulfilled,200.0,10.0,40.0,250.0,50.0,0.0
#1073,evansdylan@example.net,paid,2025-04-11 13:00:00 +0000,2025-04-11 13:00:00 +0000,1,Oversized Longsleeve Hoodie - Grey,365.0,RU02E1623-FW25P-50-BOSCO,0,fulfilled,315.0,10.0,63.0,388.0,50.0,0.0
#1073,,,2025-04-11 13:00:00 +0000,2025-04-11 13:00:00 +0000,2,Mens Jaya Evo Mules - Black,155.0,25M1501P-FW25P-43-BLACK,0,fulfilled,,,,,,
#1074,hodonnell@example.org,paid,2025-08-04 09:00:00 +0000,2025-08-04 09:00:00 +0000,1,Marmalade Candle - 175g,60.0,CANDLE-MARM-175,0,fulfilled,60.0,10.0,12.0,82.0,0.0,0.0
#1074,,,2025-08-04 09:00:00 +0000,2025-08-04 09:00:00 +0000,2,Hollywood Banana Longsleeve Tee,235.0,RU02E1262-FW25P-50-WASHE,0,fulfilled,,,,,,
#1074,,,2025-08-04 09:00:00 +0000,2025-08-04 09:00:00 +0000,2,Sport Uniform Skirt - Black,250.0,SPORT-SKIRT-BLK-M,0,fulfilled,,,,,,
#1075,pcampbell@example.com,paid,2025-01-27 14:00:00 +0000,2025-01-27 14:00:00 +0000,1,Sport Uniform Skirt - Black,250.0,SPORT-SKIRT-BLK-M,0,fulfilled,200.0,10.0,40.0,250.0,50.0,0.0
#1075,,,2025-01-27 14:00:00 +0000,2025-01-27 14:00:00 +0000,2,Marmalade Candle - 175g,60.0,CANDLE-MARM-175,0,fulfilled,,,,,,
#1076,nicola88@example.org,paid,2025-11-19 10:00:00 +0000,2025-11-19 10:00:00 +0000,1,Hollywood Banana Longsleeve Tee,235.0,RU02E1262-FW25P-50-WASHE,0,fulfilled,185.0,10.0,37.0,232.0,50.0,0.0
#1076,,,2025-11-19 10:00:00 +0000,2025-11-19 10:00:00 +0000,1,Mens Jaya Evo Mules - Black,155.0,25M1501P-FW25P-43-BLACK,0,fulfilled,,,,,,
#1076,,,2025-11-19 10:00:00 +0000,2025-11-19 10:00:00 +0000,1,Marmalade Candle - 175g,60.0,CANDLE-MARM-175,0,fulfilled,,,,,,
#1077,jeffreyelliott@example.net,paid,2025-07-21 15:00:00 +0000,2025-07-21 15:00:00 +0000,2,Marmalade Candle - 175g,60.0,CANDLE-MARM-175,0,fulfilled,120.0,10.0,24.0,154.0,0.0,0.0
#1077,,,2025-07-21 15:00:00 +0000,2025-07-21 15:00:00 +0000,2,Hollywood Banana Longsleeve Tee,235.0,RU02E1262-FW25P-50-WASHE,0,fulfilled,,,,,,
#1078,landrews@example.org,paid,2025-03-02 15:00:00 +0000,2025-03-02 15:00:00 +0000,2,Oversized Longsleeve Hoodie - Grey,365.0,RU02E1623-FW25P-50-BOSCO,0,fulfilled,730.0,10.0,146.0,886.0,0.0,0.0
#1079,hillmarcus@example.org,paid,2025-01-28 08:00:00 +0000,2025-01-28 08:00:00 +0000,1,Oversized Longsleeve Hoodie - Grey,365.0,RU02E1623-FW25P-50-BOSCO,0,fulfilled,365.0,10.0,73.0,448.0,0.0,0.0
#1079,,,2025-01-28 08:00:00 +0000,2025-01-28 08:00:00 +0000,1,Sport Uniform Skirt - Black,250.0,SPORT-SKIRT-BLK-M,0,fulfilled,,,,,,
#1079,,,2025-01-28 08:00:00 +0000,2025-01-28 08:00:00 +0000,1,Mens Jaya Evo Mules - Black,155.0,25M1501P-FW25P-43-BLACK,0,fulfilled,,,,,,
#1080,millersara@example.net,paid,2025-09-02 09:00:00 +0000,2025-09-02 09:00:00 +0000,1,Sport Uniform Skirt - Black,250.0,SPORT-SKIRT-BLK-M,0,fulfilled,200.0,10.0,40.0,250.0,50.0,0.0
#1080,,,2025-09-02 09:00:00 +0000,2025-09-02 09:00:00 +0000,1,Marmalade Candle - 175g,60.0,CANDLE-MARM-175,0,fulfilled,,,,,,
#1081,elliott08@example.com,paid,2025-05-24 18:00:00 +0000,2025-05-24 18:00:00 +0000,1,Hollywood Banana Longsleeve Tee,235.0,RU02E1262-FW25P-50-WASHE,0,fulfilled,235.0,10.0,47.0,292.0,0.0,0.0
#1081,,,2025-05-24 18:00:00 +0000,2025-05-24 18:00:00 +0000,1,Oversized Longsleeve Hoodie - Grey,365.0,RU02E1623-FW25P-50-BOSCO,0,fulfilled,,,,,,
#1081,,,2025-05-24 18:00:00 +0000,2025-05-24 18:00:00 +0000,2,Marmalade Candle - 175g,60.0,CANDLE-MARM-175,0,fulfilled,,,,,,
#1082,howardowen@example.org,paid,2025-09-09 18:00:00 +0000,2025-09-09 18:00:00 +0000,1,Mens Jaya Evo Mules - Black,155.0,25M1501P-FW25P-43-BLACK,0,fulfilled,105.0,10.0,21.0,136.0,50.0,0.0
#1083,janeross@example.net,paid,2025-02-12 14:00:00 +0000,2025-02-12 14:00:00 +0000,2,Oversized Longsleeve Hoodie - Grey,365.0,RU02E1623-FW25P-50-BOSCO,0,fulfilled,730.0,10.0,146.0,886.0,0.0,0.0
#1083,,,2025-02-12 14:00:00 +0000,2025-02-12 14:00:00 +0000,1,Marmalade Candle - 175g,60.0,CANDLE-MARM-175,0,fulfilled,,,,,,
#1084,mwright@example.net,paid,2025-05-29 12:00:00 +0000,2025-05-29 12:00:00 +0000,1,Oversized Longsleeve Hoodie - Grey,365.0,RU02E1623-FW25P-50-BOSCO,0,fulfilled,315.0,10.0,63.0,388.0,50.0,0.0
#1084,,,2025-05-29 12:00:00 +0000,2025-05-29 12:00:00 +0000,1,Womens Performa Jane Evo - Beige,150.0,V-SS26P-26W2102PNAN-BEG,0,fulfilled,,,,,,
#1085,thompsongregory@example.org,paid,2025-10-07 21:00:00 +0000,2025-10-07 21:00:00 +0000,1,Hollywood Banana Longsleeve Tee,235.0,RU02E1262-FW25P-50-WASHE,0,fulfilled,235.0,10.0,47.0,292.0,0.0,0.0
#1085,,,2025-10-07 21:00:00 +0000,2025-10-07 21:00:00 +0000,1,Marmalade Candle - 175g,60.0,CANDLE-MARM-175,0,fulfilled,,,,,,
#1086,gcurtis@example.net,paid,2025-12-11 08:00:00 +0000,2025-12-11 08:00:00 +0000,2,Sport Uniform Skirt - Black,250.0,SPORT-SKIRT-BLK-M,0,fulfilled,500.0,10.0,100.0,610.0,0.0,0.0
#1086,,,2025-12-11 08:00:00 +0000,2025-12-11 08:00:00 +0000,2,Mens Jaya Evo Mules - Black,155.0,25M1501P-FW25P-43-BLACK,0,fulfilled,,,,,,
#1087,ddavis@example.org,paid,2025-11-25 16:00:00 +0000,2025-11-25 16:00:00 +0000,2,Marmalade Candle - 175g,60.0,CANDLE-MARM-175,0,fulfilled,120.0,10.0,24.0,154.0,0.0,0.0
#1088,nataliemahmood@example.net,paid,2025-08-16 17:00:00 +0000,2025-08-16 17:00:00 +0000,1,Marmalade Candle - 175g,60.0,CANDLE-MARM-175,0,fulfilled,60.0,10.0,12.0,82.0,0.0,0.0
#1088,,,2025-08-16 17:00:00 +0000,2025-08-16 17:00:00 +0000,2,Womens Performa Jane Evo - Beige,150.0,V-SS26P-26W2102PNAN-BEG,0,fulfilled,,,,,,
#1089,marieevans@example.net,paid,2025-10-26 10:00:00 +0000,2025-10-26 10:00:00 +0000,2,Oversized Longsleeve Hoodie - Grey,365.0,RU02E1623-FW25P-50-BOSCO,0,fulfilled,730.0,10.0,146.0,886.0,0.0,0.0
#1090,alice04@example.org,paid,2025-06-21 15:00:00 +0000,2025-06-21 15:00:00 +0000,1,Womens Performa Jane Evo - Beige,150.0,V-SS26P-26W2102PNAN-BEG,0,fulfilled,100.0,10.0,20.0,130.0,50.0,0.0
#1090,,,2025-06-21 15:00:00 +0000,2025-06-21 15:00:00 +0000,2,Mens Jaya Evo Mules - Black,155.0,25M1501P-FW25P-43-BLACK,0,fulfilled,,,,,,
#1091,morrisolivia@example.net,paid,2025-07-24 20:00:00 +0000,2025-07-24 20:00:00 +0000,2,Marmalade Candle - 175g,60.0,CANDLE-MARM-175,0,fulfilled,120.0,10.0,24.0,154.0,0.0,0.0
#1091,,,2025-07-24 20:00:00 +0000,2025-07-24 20:00:00 +0000,1,Mens Jaya Evo Mules - Black,155.0,25M1501P-FW25P-43-BLACK,0,fulfilled,,,,,,
#1091,,,2025-07-24 20:00:00 +0000,2025-07-24 20:00:00 +0000,2,Oversized Longsleeve Hoodie - Grey,365.0,RU02E1623-FW25P-50-BOSCO,0,fulfilled,,,,,,
#1092,ohale@example.net,paid,2025-05-09 18:00:00 +0000,2025-05-09 18:00:00 +0000,1,Womens Performa Jane Evo - Beige,150.0,V-SS26P-26W2102PNAN-BEG,0,fulfilled,150.0,10.0,30.0,190.0,0.0,0.0
#1092,,,2025-05-09 18:00:00 +0000,2025-05-09 18:00:00 +0000,2,Hollywood Banana Longsleeve Tee,235.0,RU02E1262-FW25P-50-WASHE,0,fulfilled,,,,,,
#1092,,,2025-05-09 18:00:00 +0000,2025-05-09 18:00:00 +0000,2,Marmalade Candle - 175g,60.0,CANDLE-MARM-175,0,fulfilled,,,,,,
#1093,shirley83@example.org,paid,2025-07-27 17:00:00 +0000,2025-07-27 17:00:00 +0000,1,Hollywood Banana Longsleeve Tee,235.0,RU02E1262-FW25P-50-WASHE,0,fulfilled,235.0,10.0,47.0,292.0,0.0,0.0
#1094,samuelhill@example.net,paid,2025-06-26 09:00:00 +0000,2025-06-26 09:00:00 +0000,2,Mens Jaya Evo Mules - Black,155.0,25M1501P-FW25P-43-BLACK,0,fulfilled,310.0,10.0,62.0,382.0,0.0,0.0
#1094,,,2025-06-26 09:00:00 +0000,2025-06-26 09:00:00 +0000,2,Oversized Longsleeve Hoodie - Grey,365.0,RU02E1623-FW25P-50-BOSCO,0,fulfilled,,,,,,
#1094,,,2025-06-26 09:00:00 +0000,2025-06-26 09:00:00 +0000,1,Hollywood Banana Longsleeve Tee,235.0,RU02E1262-FW25P-50-WASHE,0,fulfilled,,,,,,
#1095,brian88@example.org,paid,2025-12-19 10:00:00 +0000,2025-12-19 10:00:00 +0000,2,Mens Jaya Evo Mules - Black,155.0,25M1501P-FW25P-43-BLACK,0,fulfilled,310.0,10.0,62.0,382.0,0.0,0.0
#1096,batesmegan@example.com,paid,2025-03-27 16:00:00 +0000,2025-03-27 16:00:00 +0000,2,Oversized Longsleeve Hoodie - Grey,365.0,RU02E1623-FW25P-50-BOSCO,0,fulfilled,680.0,10.0,136.0,826.0,50.0,0.0
#1096,,,2025-03-27 16:00:00 +0000,2025-03-27 16:00:00 +0000,2,Sport Uniform Skirt - Black,250.0,SPORT-SKIRT-BLK-M,0,fulfilled,,,,,,
#1096,,,2025-03-27 16:00:00 +0000,2025-03-27 16:00:00 +0000,2,Marmalade Candle - 175g,60.0,CANDLE-MARM-175,0,fulfilled,,,,,,
#1097,gareth35@example.org,paid,2025-09-18 21:00:00 +0000,2025-09-18 21:00:00 +0000,2,Marmalade Candle - 175g,60.0,CANDLE-MARM-175,0,fulfilled,120.0,10.0,24.0,154.0,0.0,0.0
#1097,,,2025-09-18 21:00:00 +0000,2025-09-18 21:00:00 +0000,1,Hollywood Banana Longsleeve Tee,235.0,RU02E1262-FW25P-50-WASHE,0,fulfilled,,,,,,
#1098,evansjean@example.net,paid,2025-03-12 17:00:00 +0000,2025-03-12 17:00:00 +0000,1,Mens Jaya Evo Mules - Black,155.0,25M1501P-FW25P-43-BLACK,0,fulfilled,155.0,10.0,31.0,196.0,0.0,0.0
#1098,,,2025-03-12 17:00:00 +0000,2025-03-12 17:00:00 +0000,1,Sport Uniform Skirt - Black,250.0,SPORT-SKIRT-BLK-M,0,fulfilled,,,,,,
#1099,woodanne@example.org,paid,2025-02-22 13:00:00 +0000,2025-02-22 13:00:00 +0000,2,Sport Uniform Skirt - Black,250.0,SPORT-SKIRT-BLK-M,0,fulfilled,500.0,10.0,100.0,610.0,0.0,0.0
#1099,,,2025-02-22 13:00:00 +0000,2025-02-22 13:00:00 +0000,1,Hollywood Banana Longsleeve Tee,235.0,RU02E1262-FW25P-50-WASHE,0,fulfilled,,,,,,
#1099,,,2025-02-22 13:00:00 +0000,2025-02-22 13:00:00 +0000,2,Mens Jaya Evo Mules - Black,155.0,25M1501P-FW25P-43-BLACK,0,fulfilled,,,,,,
#1100,hcunningham@example.net,paid,2025-05-05 14:00:00 +0000,2025-05-05 14:00:00 +0000,2,Marmalade Candle - 175g,60.0,CANDLE-MARM-175,0,fulfilled,120.0,10.0,24.0,154.0,0.0,0.0
#1100,,,2025-05-05 14:00:00 +0000,2025-05-05 14:00:00 +0000,1,Womens Performa Jane Evo - Beige,150.0,V-SS26P-26W2102PNAN-BEG,0,fulfilled,,,,,,
#1101,katemiles@example.net,paid,2025-11-27 15:00:00 +0000,2025-11-27 15:00:00 +0000,1,Womens Performa Jane Evo - Beige,150.0,V-SS26P-26W2102PNAN-BEG,0,fulfilled,150.0,10.0,30.0,190.0,0.0,0.0
#1101,,,2025-11-27 15:00:00 +0000,2025-11-27 15:00:00 +0000,2,Sport Uniform Skirt - Black,250.0,SPORT-SKIRT-BLK-M,0,fulfilled,,,,,,
#1102,jeremydavis@example.org,paid,2025-12-14 14:00:00 +0000,2025-12-14 14:00:00 +0000,2,Mens Jaya Evo Mules - Black,155.0,25M1501P-FW25P-43-BLACK,0,fulfilled,310.0,10.0,62.0,382.0,0.0,0.0
#1102,,,2025-12-14 14:00:00 +0000,2025-12-14 14:00:00 +0000,1,Marmalade Candle - 175g,60.0,CANDLE-MARM-175,0,fulfilled,,,,,,
#1103,mandy58@example.net,paid,2025-06-02 21:00:00 +0000,2025-06-02 21:00:00 +0000,2,Mens Jaya Evo Mules - Black,155.0,25M1501P-FW25P-43-BLACK,0,fulfilled,260.0,10.0,52.0,322.0,50.0,0.0
#1103,,,2025-06-02 21:00:00 +0000,2025-06-02 21:00:00 +0000,1,Oversized Longsleeve Hoodie - Grey,365.0,RU02E1623-FW25P-50-BOSCO,0,fulfilled,,,,,,
#1103,,,2025-06-02 21:00:00 +0000,2025-06-02 21:00:00 +0000,1,Hollywood Banana Longsleeve Tee,235.0,RU02E1262-FW25P-50-WASHE,0,fulfilled,,,,,,
#1104,hicksstanley@example.com,paid,2025-01-15 19:00:00 +0000,2025-01-15 19:00:00 +0000,1,Oversized Longsleeve Hoodie - Grey,365.0,RU02E1623-FW25P-50-BOSCO,0,fulfilled,365.0,10.0,73.0,448.0,0.0,0.0
#1104,,,2025-01-15 19:00:00 +0000,2025-01-15 19:00:00 +0000,1,Hollywood Banana Longsleeve Tee,235.0,RU02E1262-FW25P-50-WASHE,0,fulfilled,,,,,,
#1104,,,2025-01-15 19:00:00 +0000,2025-01-15 19:00:00 +0000,1,Marmalade Candle - 175g,60.0,CANDLE-MARM-175,0,fulfilled,,,,,,
#1105,baldwinmandy@example.org,paid,2025-09-26 19:00:00 +0000,2025-09-26 19:00:00 +0000,2,Marmalade Candle - 175g,60.0,CANDLE-MARM-175,0,fulfilled,120.0,10.0,24.0,154.0,0.0,0.0
#1106,pgriffiths@example.com,paid,2025-05-19 08:00:00 +0000,2025-05-19 08:00:00 +0000,2,Hollywood Banana Longsleeve Tee,235.0,RU02E1262-FW25P-50-WASHE,0,fulfilled,470.0,10.0,94.0,574.0,0.0,0.0
#1106,,,2025-05-19 08:00:00 +0000,2025-05-19 08:00:00 +0000,2,Sport Uniform Skirt - Black,250.0,SPORT-SKIRT-BLK-M,0,fulfilled,,,,,,
#1106,,,2025-05-19 08:00:00 +0000,2025-05-19 08:00:00 +0000,1,Oversized Longsleeve Hoodie - Grey,365.0,RU02E1623-FW25P-50-BOSCO,0,fulfilled,,,,,,
#1107,reedsally@example.com,paid,2025-03-17 17:00:00 +0000,2025-03-17 17:00:00 +0000,2,Oversized Longsleeve Hoodie - Grey,365.0,RU02E1623-FW25P-50-BOSCO,0,fulfilled,680.0,10.0,136.0,826.0,50.0,0.0
#1107,,,2025-03-17 17:00:00 +0000,2025-03-17 17:00:00 +0000,2,Womens Performa Jane Evo - Beige,150.0,V-SS26P-26W2102PNAN-BEG,0,fulfilled,,,,,,
#1108,leesharriet@example.net,paid,2025-08-17 18:00:00 +0000,2025-08-17 18:00:00 +0000,1,Marmalade Candle - 175g,60.0,CANDLE-MARM-175,0,fulfilled,10.0,10.0,2.0,22.0,50.0,0.0
#1108,,,2025-08-17 18:00:00 +0000,2025-08-17 18:00:00 +0000,1,Womens Performa Jane Evo - Beige,150.0,V-SS26P-26W2102PNAN-BEG,0,fulfilled,,,,,,
#1109,webstermaurice@example.net,paid,2025-04-14 13:00:00 +0000,2025-04-14 13:00:00 +0000,2,Womens Performa Jane Evo - Beige,150.0,V-SS26P-26W2102PNAN-BEG,0,fulfilled,300.0,10.0,60.0,370.0,0.0,0.0
#1109,,,2025-04-14 13:00:00 +0000,2025-04-14 13:00:00 +0000,1,Hollywood Banana Longsleeve Tee,235.0,RU02E1262-FW25P-50-WASHE,0,fulfilled,,,,,,
#1109,,,2025-04-14 13:00:00 +0000,2025-04-14 13:00:00 +0000,2,Sport Uniform Skirt - Black,250.0,SPORT-SKIRT-BLK-M,0,fulfilled,,,,,,
#1110,garry58@example.com,paid,2025-11-17 09:00:00 +0000,2025-11-17 09:00:00 +0000,2,Oversized Longsleeve Hoodie - Grey,365.0,RU02E1623-FW25P-50-BOSCO,0,fulfilled,680.0,10.0,136.0,826.0,50.0,0.0
#1111,teresaallen@example.org,paid,2025-08-27 20:00:00 +0000,2025-08-27 20:00:00 +0000,2,Hollywood Banana Longsleeve Tee,235.0,RU02E1262-FW25P-50-WASHE,0,fulfilled,470.0,10.0,94.0,574.0,0.0,0.0
#1111,,,2025-08-27 20:00:00 +0000,2025-08-27 20:00:00 +0000,2,Oversized Longsleeve Hoodie - Grey,365.0,RU02E1623-FW25P-50-BOSCO,0,fulfilled,,,,,,
#1111,,,2025-08-27 20:00:00 +0000,2025-08-27 20:00:00 +0000,2,Sport Uniform Skirt - Black,250.0,SPORT-SKIRT-BLK-M,0,fulfilled,,,,,,
#1112,qlong@example.com,paid,2025-11-26 20:00:00 +0000,2025-11-26 20:00:00 +0000,1,Sport Uniform Skirt - Black,250.0,SPORT-SKIRT-BLK-M,0,fulfilled,250.0,10.0,50.0,310.0,0.0,0.0
#1113,xphillips@example.net,paid,2025-03-31 17:00:00 +0000,2025-03-31 17:00:00 +0000,2,Mens Jaya Evo Mules - Black,155.0,25M1501P-FW25P-43-BLACK,0,fulfilled,260.0,10.0,52.0,322.0,50.0,0.0
#1113,,,2025-03-31 17:00:00 +0000,2025-03-31 17:00:00 +0000,2,Marmalade Candle - 175g,60.0,CANDLE-MARM-175,0,fulfilled,,,,,,
#1113,,,2025-03-31 17:00:00 +0000,2025-03-31 17:00:00 +0000,1,Hollywood Banana Longsleeve Tee,235.0,RU02E1262-FW25P-50-WASHE,0,fulfilled,,,,,,
#1114,fsharp@example.org,paid,2025-09-08 17:00:00 +0000,2025-09-08 17:00:00 +0000,1,Sport Uniform Skirt - Black,250.0,SPORT-SKIRT-BLK-M,0,fulfilled,250.0,10.0,50.0,310.0,0.0,0.0
#1115,marian35@example.net,paid,2025-01-25 13:00:00 +0000,2025-01-25 13:00:00 +0000,2,Womens Performa Jane Evo - Beige,150.0,V-SS26P-26W2102PNAN-BEG,0,fulfilled,300.0,10.0,60.0,370.0,0.0,0.0
#1115,,,2025-01-25 13:00:00 +0000,2025-01-25 13:00:00 +0000,1,Hollywood Banana Longsleeve Tee,235.0,RU02E1262-FW25P-50-WASHE,0,fulfilled,,,,,,
#1115,,,2025-01-25 13:00:00 +0000,2025-01-25 13:00:00 +0000,1,Mens Jaya Evo Mules - Black,155.0,25M1501P-FW25P-43-BLACK,0,fulfilled,,,,,,
#1116,ricky23@example.net,paid,2025-06-10 16:00:00 +0000,2025-06-10 16:00:00 +0000,1,Marmalade Candle - 175g,60.0,CANDLE-MARM-175,0,fulfilled,60.0,10.0,12.0,82.0,0.0,0.0
#1117,frederick56@example.org,paid,2025-09-11 09:00:00 +0000,2025-09-11 09:00:00 +0000,2,Hollywood Banana Longsleeve Tee,235.0,RU02E1262-FW25P-50-WASHE,0,fulfilled,470.0,10.0,94.0,574.0,0.0,0.0
#1117,,,2025-09-11 09:00:00 +0000,2025-09-11 09:00:00 +0000,2,Mens Jaya Evo Mules - Black,155.0,25M1501P-FW25P-43-BLACK,0,fulfilled,,,,,,
#1118,wendyfarrell@example.org,paid,2025-05-23 12:00:00 +0000,2025-05-23 12:00:00 +0000,1,Hollywood Banana Longsleeve Tee,235.0,RU02E1262-FW25P-50-WASHE,0,fulfilled,235.0,10.0,47.0,292.0,0.0,0.0
#1118,,,2025-05-23 12:00:00 +0000,2025-05-23 12:00:00 +0000,1,Sport Uniform Skirt - Black,250.0,SPORT-SKIRT-BLK-M,0,fulfilled,,,,,,
#1118,,,2025-05-23 12:00:00 +0000,2025-05-23 12:00:00 +0000,1,Marmalade Candle - 175g,60.0,CANDLE-MARM-175,0,fulfilled,,,,,,
#1119,carolyn08@example.net,paid,2025-07-08 20:00:00 +0000,2025-07-08 20:00:00 +0000,1,Hollywood Banana Longsleeve Tee,235.0,RU02E1262-FW25P-50-WASHE,0,fulfilled,235.0,10.0,47.0,292.0,0.0,0.0
#1120,kirstylewis@example.net,paid,2025-05-10 08:00:00 +0000,2025-05-10 08:00:00 +0000,2,Hollywood Banana Longsleeve Tee,235.0,RU02E1262-FW25P-50-WASHE,0,fulfilled,470.0,10.0,94.0,574.0,0.0,0.0
#1121,zoe38@example.org,paid,2025-11-30 15:00:00 +0000,2025-11-30 15:00:00 +0000,2,Hollywood Banana Longsleeve Tee,235.0,RU02E1262-FW25P-50-WASHE,0,fulfilled,470.0,10.0,94.0,574.0,0.0,0.0
#1121,,,2025-11-30 15:00:00 +0000,2025-11-30 15:00:00 +0000,2,Marmalade Candle - 175g,60.0,CANDLE-MARM-175,0,fulfilled,,,,,,
#1121,,,2025-11-30 15:00:00 +0000,2025-11-30 15:00:00 +0000,1,Sport Uniform Skirt - Black,250.0,SPORT-SKIRT-BLK-M,0,fulfilled,,,,,,
#1122,jamie84@example.org,paid,2025-05-17 20:00:00 +0000,2025-05-17 20:00:00 +0000,1,Mens Jaya Evo Mules - Black,155.0,25M1501P-FW25P-43-BLACK,0,fulfilled,155.0,10.0,31.0,196.0,0.0,0.0
#1122,,,2025-05-17 20:00:00 +0000,2025-05-17 20:00:00 +0000,2,Womens Performa Jane Evo - Beige,150.0,V-SS26P-26W2102PNAN-BEG,0,fulfilled,,,,,,
#1122,,,2025-05-17 20:00:00 +0000,2025-05-17 20:00:00 +0000,1,Hollywood Banana Longsleeve Tee,235.0,RU02E1262-FW25P-50-WASHE,0,fulfilled,,,,,,
#1123,mmills@example.com,paid,2025-06-23 12:00:00 +0000,2025-06-23 12:00:00 +0000,2,Oversized Longsleeve Hoodie - Grey,365.0,RU02E1623-FW25P-50-BOSCO,0,fulfilled,730.0,10.0,146.0,886.0,0.0,0.0
#1124,walkercallum@example.net,paid,2025-07-05 14:00:00 +0000,2025-07-05 14:00:00 +0000,2,Hollywood Banana Longsleeve Tee,235.0,RU02E1262-FW25P-50-WASHE,0,fulfilled,420.0,10.0,84.0,514.0,50.0,0.0
#1124,,,2025-07-05 14:00:00 +0000,2025-07-05 14:00:00 +0000,1,Marmalade Candle - 175g,60.0,CANDLE-MARM-175,0,fulfilled,,,,,,
#1125,shahkerry@example.org,paid,2025-07-21 21:00:00 +0000,2025-07-21 21:00:00 +0000,2,Sport Uniform Skirt - Black,250.0,SPORT-SKIRT-BLK-M,0,fulfilled,450.0,10.0,90.0,550.0,50.0,0.0
#1126,alisonmills@example.org,paid,2025-05-04 22:00:00 +0000,2025-05-04 22:00:00 +0000,1,Sport Uniform Skirt - Black,250.0,SPORT-SKIRT-BLK-M,0,fulfilled,200.0,10.0,40.0,250.0,50.0,0.0
#1127,stacey30@example.com,paid,2025-06-03 12:00:00 +0000,2025-06-03 12:00:00 +0000,2,Womens Performa Jane Evo - Beige,150.0,V-SS26P-26W2102PNAN-BEG,0,fulfilled,300.0,10.0,60.0,370.0,0.0,0.0
#1127,,,2025-06-03 12:00:00 +0000,2025-06-03 12:00:00 +0000,1,Hollywood Banana Longsleeve Tee,235.0,RU02E1262-FW25P-50-WASHE,0,fulfilled,,,,,,
#1127,,,2025-06-03 12:00:00 +0000,2025-06-03 12:00:00 +0000,2,Sport Uniform Skirt - Black,250.0,SPORT-SKIRT-BLK-M,0,fulfilled,,,,,,
#1128,lorraine93@example.org,paid,2025-09-05 15:00:00 +0000,2025-09-05 15:00:00 +0000,2,Hollywood Banana Longsleeve Tee,235.0,RU02E1262-FW25P-50-WASHE,0,fulfilled,470.0,10.0,94.0,574.0,0.0,0.0
#1128,,,2025-09-05 15:00:00 +0000,2025-09-05 15:00:00 +0000,1,Oversized Longsleeve Hoodie - Grey,365.0,RU02E1623-FW25P-50-BOSCO,0,fulfilled,,,,,,
#1128,,,2025-09-05 15:00:00 +0000,2025-09-05 15:00:00 +0000,1,Marmalade Candle - 175g,60.0,CANDLE-MARM-175,0,fulfilled,,,,,,
#1129,xsummers@example.com,paid,2025-08-24 09:00:00 +0000,2025-08-24 09:00:00 +0000,1,Marmalade Candle - 175g,60.0,CANDLE-MARM-175,0,fulfilled,60.0,10.0,12.0,82.0,0.0,0.0
#1129,,,2025-08-24 09:00:00 +0000,2025-08-24 09:00:00 +0000,1,Hollywood Banana Longsleeve Tee,235.0,RU02E1262-FW25P-50-WASHE,0,fulfilled,,,,,,
#1129,,,2025-08-24 09:00:00 +0000,2025-08-24 09:00:00 +0000,1,Womens Performa Jane Evo - Beige,150.0,V-SS26P-26W2102PNAN-BEG,0,fulfilled,,,,,,
#1130,mohammadwright@example.com,paid,2025-12-10 15:00:00 +0000,2025-12-10 15:00:00 +0000,2,Sport Uniform Skirt - Black,250.0,SPORT-SKIRT-BLK-M,0,fulfilled,450.0,10.0,90.0,550.0,50.0,0.0
#1130,,,2025-12-10 15:00:00 +0000,2025-12-10 15:00:00 +0000,2,Oversized Longsleeve Hoodie - Grey,365.0,RU02E1623-FW25P-50-BOSCO,0,fulfilled,,,,,,
#1130,,,2025-12-10 15:00:00 +0000,2025-12-10 15:00:00 +0000,1,Mens Jaya Evo Mules - Black,155.0,25M1501P-FW25P-43-BLACK,0,fulfilled,,,,,,
#1131,pjames@example.net,paid,2025-04-19 09:00:00 +0000,2025-04-19 09:00:00 +0000,1,Mens Jaya Evo Mules - Black,155.0,25M1501P-FW25P-43-BLACK,0,fulfilled,155.0,10.0,31.0,196.0,0.0,0.0
#1131,,,2025-04-19 09:00:00 +0000,2025-04-19 09:00:00 +0000,1,Hollywood Banana Longsleeve Tee,235.0,RU02E1262-FW25P-50-WASHE,0,fulfilled,,,,,,
#1132,zrose@example.com,paid,2025-12-29 08:00:00 +0000,2025-12-29 08:00:00 +0000,2,Sport Uniform Skirt - Black,250.0,SPORT-SKIRT-BLK-M,0,fulfilled,500.0,10.0,100.0,610.0,0.0,0.0
#1132,,,2025-12-29 08:00:00 +0000,2025-12-29 08:00:00 +0000,2,Mens Jaya Evo Mules - Black,155.0,25M1501P-FW25P-43-BLACK,0,fulfilled,,,,,,
#1133,phillipsashley@example.net,paid,2025-09-10 19:00:00 +0000,2025-09-10 19:00:00 +0000,2,Mens Jaya Evo Mules - Black,155.0,25M1501P-FW25P-43-BLACK,0,fulfilled,260.0,10.0,52.0,322.0,50.0,0.0
#1133,,,2025-09-10 19:00:00 +0000,2025-09-10 19:00:00 +0000,1,Womens Performa Jane Evo - Beige,150.0,V-SS26P-26W2102PNAN-BEG,0,fulfilled,,,,,,
#1134,sarah69@example.org,paid,2025-05-31 17:00:00 +0000,2025-05-31 17:00:00 +0000,1,Sport Uniform Skirt - Black,250.0,SPORT-SKIRT-BLK-M,0,fulfilled,250.0,10.0,50.0,310.0,0.0,0.0
#1134,,,2025-05-31 17:00:00 +0000,2025-05-31 17:00:00 +0000,1,Hollywood Banana Longsleeve Tee,235.0,RU02E1262-FW25P-50-WASHE,0,fulfilled,,,,,,
#1134,,,2025-05-31 17:00:00 +0000,2025-05-31 17:00:00 +0000,2,Mens Jaya Evo Mules - Black,155.0,25M1501P-FW25P-43-BLACK,0,fulfilled,,,,,,
#1135,charliemorris@example.com,paid,2025-08-24 15:00:00 +0000,2025-08-24 15:00:00 +0000,1,Mens Jaya Evo Mules - Black,155.0,25M1501P-FW25P-43-BLACK,0,fulfilled,155.0,10.0,31.0,196.0,0.0,0.0
#1136,elizabethbird@example.com,paid,2025-02-15 18:00:00 +0000,2025-02-15 18:00:00 +0000,2,Hollywood Banana Longsleeve Tee,235.0,RU02E1262-FW25P-50-WASHE,0,fulfilled,420.0,10.0,84.0,514.0,50.0,0.0
#1137,ybarton@example.com,paid,2025-04-13 16:00:00 +0000,2025-04-13 16:00:00 +0000,2,Mens Jaya Evo Mules - Black,155.0,25M1501P-FW25P-43-BLACK,0,fulfilled,310.0,10.0,62.0,382.0,0.0,0.0
#1138,zmistry@example.net,paid,2025-06-09 09:00:00 +0000,2025-06-09 09:00:00 +0000,2,Hollywood Banana Longsleeve Tee,235.0,RU02E1262-FW25P-50-WASHE,0,fulfilled,420.0,10.0,84.0,514.0,50.0,0.0
#1139,storeyjordan@example.com,paid,2025-08-27 20:00:00 +0000,2025-08-27 20:00:00 +0000,1,Sport Uniform Skirt - Black,250.0,SPORT-SKIRT-BLK-M,0,fulfilled,250.0,10.0,50.0,310.0,0.0,0.0
#1139,,,2025-08-27 20:00:00 +0000,2025-08-27 20:00:00 +0000,2,Mens Jaya Evo Mules - Black,155.0,25M1501P-FW25P-43-BLACK,0,fulfilled,,,,,,
#1140,marywalsh@example.net,paid,2025-12-18 14:00:00 +0000,2025-12-18 14:00:00 +0000,1,Oversized Longsleeve Hoodie - Grey,365.0,RU02E1623-FW25P-50-BOSCO,0,fulfilled,365.0,10.0,73.0,448.0,0.0,0.0
#1141,ryansteven@example.org,paid,2025-05-26 16:00:00 +0000,2025-05-26 16:00:00 +0000,2,Sport Uniform Skirt - Black,250.0,SPORT-SKIRT-BLK-M,0,fulfilled,500.0,10.0,100.0,610.0,0.0,0.0
#1141,,,2025-05-26 16:00:00 +0000,2025-05-26 16:00:00 +0000,1,Hollywood Banana Longsleeve Tee,235.0,RU02E1262-FW25P-50-WASHE,0,fulfilled,,,,,,
#1141,,,2025-05-26 16:00:00 +0000,2025-05-26 16:00:00 +0000,2,Oversized Longsleeve Hoodie - Grey,365.0,RU02E1623-FW25P-50-BOSCO,0,fulfilled,,,,,,
#1142,roymay@example.org,paid,2025-01-28 08:00:00 +0000,2025-01-28 08:00:00 +0000,1,Oversized Longsleeve Hoodie - Grey,365.0,RU02E1623-FW25P-50-BOSCO,0,fulfilled,365.0,10.0,73.0,448.0,0.0,0.0
#1142,,,2025-01-28 08:00:00 +0000,2025-01-28 08:00:00 +0000,1,Womens Performa Jane Evo - Beige,150.0,V-SS26P-26W2102PNAN-BEG,0,fulfilled,,,,,,
#1142,,,2025-01-28 08:00:00 +0000,2025-01-28 08:00:00 +0000,2,Marmalade Candle - 175g,60.0,CANDLE-MARM-175,0,fulfilled,,,,,,
#1143,fmills@example.com,paid,2025-05-16 22:00:00 +0000,2025-05-16 22:00:00 +0000,1,Mens Jaya Evo Mules - Black,155.0,25M1501P-FW25P-43-BLACK,0,fulfilled,155.0,10.0,31.0,196.0,0.0,0.0
#1143,,,2025-05-16 22:00:00 +0000,2025-05-16 22:00:00 +0000,1,Marmalade Candle - 175g,60.0,CANDLE-MARM-175,0,fulfilled,,,,,,
#1143,,,2025-05-16 22:00:00 +0000,2025-05-16 22:00:00 +0000,1,Womens Performa Jane Evo - Beige,150.0,V-SS26P-26W2102PNAN-BEG,0,fulfilled,,,,,,
#1144,maureenbell@example.org,paid,2025-01-18 16:00:00 +0000,2025-01-18 16:00:00 +0000,1,Hollywood Banana Longsleeve Tee,235.0,RU02E1262-FW25P-50-WASHE,0,fulfilled,235.0,10.0,47.0,292.0,0.0,0.0
#1144,,,2025-01-18 16:00:00 +0000,2025-01-18 16:00:00 +0000,2,Mens Jaya Evo Mules - Black,155.0,25M1501P-FW25P-43-BLACK,0,fulfilled,,,,,,
#1145,hbaker@example.net,paid,2025-08-31 21:00:00 +0000,2025-08-31 21:00:00 +0000,2,Hollywood Banana Longsleeve Tee,235.0,RU02E1262-FW25P-50-WASHE,0,fulfilled,470.0,10.0,94.0,574.0,0.0,0.0
#1145,,,2025-08-31 21:00:00 +0000,2025-08-31 21:00:00 +0000,1,Marmalade Candle - 175g,60.0,CANDLE-MARM-175,0,fulfilled,,,,,,
#1145,,,2025-08-31 21:00:00 +0000,2025-08-31 21:00:00 +0000,1,Oversized Longsleeve Hoodie - Grey,365.0,RU02E1623-FW25P-50-BOSCO,0,fulfilled,,,,,,
#1146,bmoore@example.org,paid,2025-11-08 17:00:00 +0000,2025-11-08 17:00:00 +0000,2,Womens Performa Jane Evo - Beige,150.0,V-SS26P-26W2102PNAN-BEG,0,fulfilled,300.0,10.0,60.0,370.0,0.0,0.0
#1146,,,2025-11-08 17:00:00 +0000,2025-11-08 17:00:00 +0000,2,Oversized Longsleeve Hoodie - Grey,365.0,RU02E1623-FW25P-50-BOSCO,0,fulfilled,,,,,,
#1147,kperkins@example.org,paid,2025-07-02 13:00:00 +0000,2025-07-02 13:00:00 +0000,1,Mens Jaya Evo Mules - Black,155.0,25M1501P-FW25P-43-BLACK,0,fulfilled,105.0,10.0,21.0,136.0,50.0,0.0
#1148,lauren00@example.com,paid,2025-04-04 18:00:00 +0000,2025-04-04 18:00:00 +0000,2,Oversized Longsleeve Hoodie - Grey,365.0,RU02E1623-FW25P-50-BOSCO,0,fulfilled,730.0,10.0,146.0,886.0,0.0,0.0
#1148,,,2025-04-04 18:00:00 +0000,2025-04-04 18:00:00 +0000,1,Sport Uniform Skirt - Black,250.0,SPORT-SKIRT-BLK-M,0,fulfilled,,,,,,
#1149,trevor86@example.com,paid,2025-08-28 17:00:00 +0000,2025-08-28 17:00:00 +0000,1,Womens Performa Jane Evo - Beige,150.0,V-SS26P-26W2102PNAN-BEG,0,fulfilled,100.0,10.0,20.0,130.0,50.0,0.0
#1149,,,2025-08-28 17:00:00 +0000,2025-08-28 17:00:00 +0000,2,Mens Jaya Evo Mules - Black,155.0,25M1501P-FW25P-43-BLACK,0,fulfilled,,,,,,
#1149,,,2025-08-28 17:00:00 +0000,2025-08-28 17:00:00 +0000,2,Oversized Longsleeve Hoodie - Grey,365.0,RU02E1623-FW25P-50-BOSCO,0,fulfilled,,,,,,
#1150,michael35@example.com,paid,2025-12-05 09:00:00 +0000,2025-12-05 09:00:00 +0000,2,Womens Performa Jane Evo - Beige,150.0,V-SS26P-26W2102PNAN-BEG,0,fulfilled,300.0,10.0,60.0,370.0,0.0,0.0
#1151,lyoung@example.org,paid,2025-03-08 20:00:00 +0000,2025-03-08 20:00:00 +0000,2,Hollywood Banana Longsleeve Tee,235.0,RU02E1262-FW25P-50-WASHE,0,fulfilled,470.0,10.0,94.0,574.0,0.0,0.0
#1151,,,2025-03-08 20:00:00 +0000,2025-03-08 20:00:00 +0000,2,Mens Jaya Evo Mules - Black,155.0,25M1501P-FW25P-43-BLACK,0,fulfilled,,,,,,
#1151,,,2025-03-08 20:00:00 +0000,2025-03-08 20:00:00 +0000,1,Oversized Longsleeve Hoodie - Grey,365.0,RU02E1623-FW25P-50-BOSCO,0,fulfilled,,,,,,
#1152,bakerdawn@example.com,paid,2025-08-15 08:00:00 +0000,2025-08-15 08:00:00 +0000,1,Mens Jaya Evo Mules - Black,155.0,25M1501P-FW25P-43-BLACK,0,fulfilled,105.0,10.0,21.0,136.0,50.0,0.0
#1152,,,2025-08-15 08:00:00 +0000,2025-08-15 08:00:00 +0000,1,Hollywood Banana Longsleeve Tee,235.0,RU02E1262-FW25P-50-WASHE,0,fulfilled,,,,,,
#1153,steelekaren@example.net,paid,2025-12-01 12:00:00 +0000,2025-12-01 12:00:00 +0000,1,Hollywood Banana Longsleeve Tee,235.0,RU02E1262-FW25P-50-WASHE,0,fulfilled,235.0,10.0,47.0,292.0,0.0,0.0
#1153,,,2025-12-01 12:00:00 +0000,2025-12-01 12:00:00 +0000,1,Oversized Longsleeve Hoodie - Grey,365.0,RU02E1623-FW25P-50-BOSCO,0,fulfilled,,,,,,
#1153,,,2025-12-01 12:00:00 +0000,2025-12-01 12:00:00 +0000,2,Mens Jaya Evo Mules - Black,155.0,25M1501P-FW25P-43-BLACK,0,fulfilled,,,,,,
#1154,clare00@example.net,paid,2025-07-03 21:00:00 +0000,2025-07-03 21:00:00 +0000,1,Marmalade Candle - 175g,60.0,CANDLE-MARM-175,0,fulfilled,60.0,10.0,12.0,82.0,0.0,0.0
#1154,,,2025-07-03 21:00:00 +0000,2025-07-03 21:00:00 +0000,1,Womens Performa Jane Evo - Beige,150.0,V-SS26P-26W2102PNAN-BEG,0,fulfilled,,,,,,
#1155,charleneweston@example.com,paid,2025-01-12 22:00:00 +0000,2025-01-12 22:00:00 +0000,2,Womens Performa Jane Evo - Beige,150.0,V-SS26P-26W2102PNAN-BEG,0,fulfilled,250.0,10.0,50.0,310.0,50.0,0.0
#1155,,,2025-01-12 22:00:00 +0000,2025-01-12 22:00:00 +0000,1,Marmalade Candle - 175g,60.0,CANDLE-MARM-175,0,fulfilled,,,,,,
#1155,,,2025-01-12 22:00:00 +0000,2025-01-12 22:00:00 +0000,2,Hollywood Banana Longsleeve Tee,235.0,RU02E1262-FW25P-50-WASHE,0,fulfilled,,,,,,
#1156,nbrown@example.com,paid,2025-12-06 12:00:00 +0000,2025-12-06 12:00:00 +0000,1,Mens Jaya Evo Mules - Black,155.0,25M1501P-FW25P-43-BLACK,0,fulfilled,155.0,10.0,31.0,196.0,0.0,0.0
#1156,,,2025-12-06 12:00:00 +0000,2025-12-06 12:00:00 +0000,1,Hollywood Banana Longsleeve Tee,235.0,RU02E1262-FW25P-50-WASHE,0,fulfilled,,,,,,
#1156,,,2025-12-06 12:00:00 +0000,2025-12-06 12:00:00 +0000,2,Sport Uniform Skirt - Black,250.0,SPORT-SKIRT-BLK-M,0,fulfilled,,,,,,
#1157,pearsonclare@example.org,paid,2025-12-28 21:00:00 +0000,2025-12-28 21:00:00 +0000,2,Oversized Longsleeve Hoodie - Grey,365.0,RU02E1623-FW25P-50-BOSCO,0,fulfilled,730.0,10.0,146.0,886.0,0.0,0.0
#1157,,,2025-12-28 21:00:00 +0000,2025-12-28 21:00:00 +0000,2,Sport Uniform Skirt - Black,250.0,SPORT-SKIRT-BLK-M,0,fulfilled,,,,,,
#1158,richard80@example.org,paid,2025-12-07 14:00:00 +0000,2025-12-07 14:00:00 +0000,2,Oversized Longsleeve Hoodie - Grey,365.0,RU02E1623-FW25P-50-BOSCO,0,fulfilled,730.0,10.0,146.0,886.0,0.0,0.0
#1159,jpearce@example.net,paid,2025-03-20 10:00:00 +0000,2025-03-20 10:00:00 +0000,2,Sport Uniform Skirt - Black,250.0,SPORT-SKIRT-BLK-M,0,fulfilled,500.0,10.0,100.0,610.0,0.0,0.0
#1159,,,2025-03-20 10:00:00 +0000,2025-03-20 10:00:00 +0000,1,Hollywood Banana Longsleeve Tee,235.0,RU02E1262-FW25P-50-WASHE,0,fulfilled,,,,,,
#1159,,,2025-03-20 10:00:00 +0000,2025-03-20 10:00:00 +0000,1,Oversized Longsleeve Hoodie - Grey,365.0,RU02E1623-FW25P-50-BOSCO,0,fulfilled,,,,,,
#1160,lewisgeorgia@example.org,paid,2025-08-16 08:00:00 +0000,2025-08-16 08:00:00 +0000,1,Marmalade Candle - 175g,60.0,CANDLE-MARM-175,0,fulfilled,60.0,10.0,12.0,82.0,0.0,0.0
#1160,,,2025-08-16 08:00:00 +0000,2025-08-16 08:00:00 +0000,2,Hollywood Banana Longsleeve Tee,235.0,RU02E1262-FW25P-50-WASHE,0,fulfilled,,,,,,
#1160,,,2025-08-16 08:00:00 +0000,2025-08-16 08:00:00 +0000,1,Mens Jaya Evo Mules - Black,155.0,25M1501P-FW25P-43-BLACK,0,fulfilled,,,,,,
#1161,smithabdul@example.com,paid,2025-06-16 20:00:00 +0000,2025-06-16 20:00:00 +0000,2,Hollywood Banana Longsleeve Tee,235.0,RU02E1262-FW25P-50-WASHE,0,fulfilled,470.0,10.0,94.0,574.0,0.0,0.0
#1161,,,2025-06-16 20:00:00 +0000,2025-06-16 20:00:00 +0000,1,Marmalade Candle - 175g,60.0,CANDLE-MARM-175,0,fulfilled,,,,,,
#1161,,,2025-06-16 20:00:00 +0000,2025-06-16 20:00:00 +0000,1,Womens Performa Jane Evo - Beige,150.0,V-SS26P-26W2102PNAN-BEG,0,fulfilled,,,,,,
#1162,qsykes@example.net,paid,2025-05-06 10:00:00 +0000,2025-05-06 10:00:00 +0000,1,Marmalade Candle - 175g,60.0,CANDLE-MARM-175,0,fulfilled,60.0,10.0,12.0,82.0,0.0,0.0
#1162,,,2025-05-06 10:00:00 +0000,2025-05-06 10:00:00 +0000,1,Mens Jaya Evo Mules - Black,155.0,25M1501P-FW25P-43-BLACK,0,fulfilled,,,,,,
#1163,rjenkins@example.net,paid,2025-04-24 15:00:00 +0000,2025-04-24 15:00:00 +0000,2,Marmalade Candle - 175g,60.0,CANDLE-MARM-175,0,fulfilled,70.0,10.0,14.0,94.0,50.0,0.0
#1163,,,2025-04-24 15:00:00 +0000,2025-04-24 15:00:00 +0000,2,Sport Uniform Skirt - Black,250.0,SPORT-SKIRT-BLK-M,0,fulfilled,,,,,,
#1163,,,2025-04-24 15:00:00 +0000,2025-04-24 15:00:00 +0000,2,Womens Performa Jane Evo - Beige,150.0,V-SS26P-26W2102PNAN-BEG,0,fulfilled,,,,,,
#1164,helen99@example.net,paid,2025-12-18 10:00:00 +0000,2025-12-18 10:00:00 +0000,2,Oversized Longsleeve Hoodie - Grey,365.0,RU02E1623-FW25P-50-BOSCO,0,fulfilled,730.0,10.0,146.0,886.0,0.0,0.0
#1164,,,2025-12-18 10:00:00 +0000,2025-12-18 10:00:00 +0000,1,Marmalade Candle - 175g,60.0,CANDLE-MARM-175,0,fulfilled,,,,,,
#1165,kim41@example.org,paid,2025-03-14 20:00:00 +0000,2025-03-14 20:00:00 +0000,2,Marmalade Candle - 175g,60.0,CANDLE-MARM-175,0,fulfilled,70.0,10.0,14.0,94.0,50.0,0.0
#1165,,,2025-03-14 20:00:00 +0000,2025-03-14 20:00:00 +0000,1,Mens Jaya Evo Mules - Black,155.0,25M1501P-FW25P-43-BLACK,0,fulfilled,,,,,,
#1166,jakehill@example.net,paid,2025-09-30 16:00:00 +0000,2025-09-30 16:00:00 +0000,1,Marmalade Candle - 175g,60.0,CANDLE-MARM-175,0,fulfilled,10.0,10.0,2.0,22.0,50.0,0.0
#1166,,,2025-09-30 16:00:00 +0000,2025-09-30 16:00:00 +0000,1,Womens Performa Jane Evo - Beige,150.0,V-SS26P-26W2102PNAN-BEG,0,fulfilled,,,,,,
#1167,perkinscharles@example.org,paid,2025-10-21 17:00:00 +0000,2025-10-21 17:00:00 +0000,2,Womens Performa Jane Evo - Beige,150.0,V-SS26P-26W2102PNAN-BEG,0,fulfilled,300.0,10.0,60.0,370.0,0.0,0.0
#1168,freemanshane@example.org,paid,2025-04-15 15:00:00 +0000,2025-04-15 15:00:00 +0000,1,Sport Uniform Skirt - Black,250.0,SPORT-SKIRT-BLK-M,0,fulfilled,200.0,10.0,40.0,250.0,50.0,0.0
#1168,,,2025-04-15 15:00:00 +0000,2025-04-15 15:00:00 +0000,2,Hollywood Banana Longsleeve Tee,235.0,RU02E1262-FW25P-50-WASHE,0,fulfilled,,,,,,
#1168,,,2025-04-15 15:00:00 +0000,2025-04-15 15:00:00 +0000,2,Marmalade Candle - 175g,60.0,CANDLE-MARM-175,0,fulfilled,,,,,,
#1169,amberbrown@example.net,paid,2025-09-13 19:00:00 +0000,2025-09-13 19:00:00 +0000,2,Hollywood Banana Longsleeve Tee,235.0,RU02E1262-FW25P-50-WASHE,0,fulfilled,420.0,10.0,84.0,514.0,50.0,0.0
#1169,,,2025-09-13 19:00:00 +0000,2025-09-13 19:00:00 +0000,2,Marmalade Candle - 175g,60.0,CANDLE-MARM-175,0,fulfilled,,,,,,
#1170,elizabethbegum@example.net,paid,2025-05-16 17:00:00 +0000,2025-05-16 17:00:00 +0000,2,Marmalade Candle - 175g,60.0,CANDLE-MARM-175,0,fulfilled,70.0,10.0,14.0,94.0,50.0,0.0
#1171,lukerichards@example.net,paid,2025-10-03 12:00:00 +0000,2025-10-03 12:00:00 +0000,1,Oversized Longsleeve Hoodie - Grey,365.0,RU02E1623-FW25P-50-BOSCO,0,fulfilled,365.0,10.0,73.0,448.0,0.0,0.0
#1171,,,2025-10-03 12:00:00 +0000,2025-10-03 12:00:00 +0000,1,Marmalade Candle - 175g,60.0,CANDLE-MARM-175,0,fulfilled,,,,,,
#1172,angelahumphries@example.net,paid,2025-09-06 16:00:00 +0000,2025-09-06 16:00:00 +0000,1,Womens Performa Jane Evo - Beige,150.0,V-SS26P-26W2102PNAN-BEG,0,fulfilled,150.0,10.0,30.0,190.0,0.0,0.0
#1172,,,2025-09-06 16:00:00 +0000,2025-09-06 16:00:00 +0000,2,Hollywood Banana Longsleeve Tee,235.0,RU02E1262-FW25P-50-WASHE,0,fulfilled,,,,,,
#1172,,,2025-09-06 16:00:00 +0000,2025-09-06 16:00:00 +0000,2,Sport Uniform Skirt - Black,250.0,SPORT-SKIRT-BLK-M,0,fulfilled,,,,,,
#1173,brennanlynne@example.org,paid,2025-12-19 11:00:00 +0000,2025-12-19 11:00:00 +0000,1,Oversized Longsleeve Hoodie - Grey,365.0,RU02E1623-FW25P-50-BOSCO,0,fulfilled,365.0,10.0,73.0,448.0,0.0,0.0
#1173,,,2025-12-19 11:00:00 +0000,2025-12-19 11:00:00 +0000,2,Hollywood Banana Longsleeve Tee,235.0,RU02E1262-FW25P-50-WASHE,0,fulfilled,,,,,,
#1174,kenneth65@example.org,paid,2025-11-08 22:00:00 +0000,2025-11-08 22:00:00 +0000,1,Sport Uniform Skirt - Black,250.0,SPORT-SKIRT-BLK-M,0,fulfilled,250.0,10.0,50.0,310.0,0.0,0.0
#1174,,,2025-11-08 22:00:00 +0000,2025-11-08 22:00:00 +0000,1,Womens Performa Jane Evo - Beige,150.0,V-SS26P-26W2102PNAN-BEG,0,fulfilled,,,,,,
#1174,,,2025-11-08 22:00:00 +0000,2025-11-08 22:00:00 +0000,2,Mens Jaya Evo Mules - Black,155.0,25M1501P-FW25P-43-BLACK,0,fulfilled,,,,,,
#1175,mathew87@example.net,paid,2025-11-30 08:00:00 +0000,2025-11-30 08:00:00 +0000,1,Mens Jaya Evo Mules - Black,155.0,25M1501P-FW25P-43-BLACK,0,fulfilled,155.0,10.0,31.0,196.0,0.0,0.0
#1175,,,2025-11-30 08:00:00 +0000,2025-11-30 08:00:00 +0000,2,Hollywood Banana Longsleeve Tee,235.0,RU02E1262-FW25P-50-WASHE,0,fulfilled,,,,,,
#1176,jenkinsowen@example.org,paid,2025-09-01 08:00:00 +0000,2025-09-01 08:00:00 +0000,1,Oversized Longsleeve Hoodie - Grey,365.0,RU02E1623-FW25P-50-BOSCO,0,fulfilled,365.0,10.0,73.0,448.0,0.0,0.0
#1177,jordan68@example.org,paid,2025-04-02 18:00:00 +0000,2025-04-02 18:00:00 +0000,2,Womens Performa Jane Evo - Beige,150.0,V-SS26P-26W2102PNAN-BEG,0,fulfilled,250.0,10.0,50.0,310.0,50.0,0.0
#1177,,,2025-04-02 18:00:00 +0000,2025-04-02 18:00:00 +0000,2,Sport Uniform Skirt - Black,250.0,SPORT-SKIRT-BLK-M,0,fulfilled,,,,,,
#1177,,,2025-04-02 18:00:00 +0000,2025-04-02 18:00:00 +0000,1,Marmalade Candle - 175g,60.0,CANDLE-MARM-175,0,fulfilled,,,,,,
#1178,mtownsend@example.com,paid,2025-08-17 10:00:00 +0000,2025-08-17 10:00:00 +0000,2,Womens Performa Jane Evo - Beige,150.0,V-SS26P-26W2102PNAN-BEG,0,fulfilled,300.0,10.0,60.0,370.0,0.0,0.0
#1178,,,2025-08-17 10:00:00 +0000,2025-08-17 10:00:00 +0000,2,Hollywood Banana Longsleeve Tee,235.0,RU02E1262-FW25P-50-WASHE,0,fulfilled,,,,,,
#1178,,,2025-08-17 10:00:00 +0000,2025-08-17 10:00:00 +0000,2,Marmalade Candle - 175g,60.0,CANDLE-MARM-175,0,fulfilled,,,,,,
#1179,nigel20@example.net,paid,2025-07-20 16:00:00 +0000,2025-07-20 16:00:00 +0000,2,Hollywood Banana Longsleeve Tee,235.0,RU02E1262-FW25P-50-WASHE,0,fulfilled,420.0,10.0,84.0,514.0,50.0,0.0
#1179,,,2025-07-20 16:00:00 +0000,2025-07-20 16:00:00 +0000,2,Womens Performa Jane Evo - Beige,150.0,V-SS26P-26W2102PNAN-BEG,0,fulfilled,,,,,,
#1180,samanthastanley@example.net,paid,2025-03-05 12:00:00 +0000,2025-03-05 12:00:00 +0000,2,Womens Performa Jane Evo - Beige,150.0,V-SS26P-26W2102PNAN-BEG,0,fulfilled,250.0,10.0,50.0,310.0,50.0,0.0
#1180,,,2025-03-05 12:00:00 +0000,2025-03-05 12:00:00 +0000,2,Hollywood Banana Longsleeve Tee,235.0,RU02E1262-FW25P-50-WASHE,0,fulfilled,,,,,,
#1180,,,2025-03-05 12:00:00 +0000,2025-03-05 12:00:00 +0000,2,Mens Jaya Evo Mules - Black,155.0,25M1501P-FW25P-43-BLACK,0,fulfilled,,,,,,
#1181,marc29@example.com,paid,2025-12-22 12:00:00 +0000,2025-12-22 12:00:00 +0000,2,Marmalade Candle - 175g,60.0,CANDLE-MARM-175,0,fulfilled,120.0,10.0,24.0,154.0,0.0,0.0
#1181,,,2025-12-22 12:00:00 +0000,2025-12-22 12:00:00 +0000,1,Oversized Longsleeve Hoodie - Grey,365.0,RU02E1623-FW25P-50-BOSCO,0,fulfilled,,,,,,
#1181,,,2025-12-22 12:00:00 +0000,2025-12-22 12:00:00 +0000,2,Womens Performa Jane Evo - Beige,150.0,V-SS26P-26W2102PNAN-BEG,0,fulfilled,,,,,,
#1182,billyadams@example.net,paid,2025-10-10 19:00:00 +0000,2025-10-10 19:00:00 +0000,1,Marmalade Candle - 175g,60.0,CANDLE-MARM-175,0,fulfilled,60.0,10.0,12.0,82.0,0.0,0.0
#1183,kategraham@example.net,paid,2025-09-03 16:00:00 +0000,2025-09-03 16:00:00 +0000,1,Mens Jaya Evo Mules - Black,155.0,25M1501P-FW25P-43-BLACK,0,fulfilled,155.0,10.0,31.0,196.0,0.0,0.0
#1183,,,2025-09-03 16:00:00 +0000,2025-09-03 16:00:00 +0000,2,Sport Uniform Skirt - Black,250.0,SPORT-SKIRT-BLK-M,0,fulfilled,,,,,,
#1184,gemmahowells@example.com,paid,2025-04-15 10:00:00 +0000,2025-04-15 10:00:00 +0000,2,Mens Jaya Evo Mules - Black,155.0,25M1501P-FW25P-43-BLACK,0,fulfilled,260.0,10.0,52.0,322.0,50.0,0.0
#1184,,,2025-04-15 10:00:00 +0000,2025-04-15 10:00:00 +0000,1,Womens Performa Jane Evo - Beige,150.0,V-SS26P-26W2102PNAN-BEG,0,fulfilled,,,,,,
#1184,,,2025-04-15 10:00:00 +0000,2025-04-15 10:00:00 +0000,1,Marmalade Candle - 175g,60.0,CANDLE-MARM-175,0,fulfilled,,,,,,
#1185,newtonrachel@example.net,paid,2025-02-19 08:00:00 +0000,2025-02-19 08:00:00 +0000,1,Hollywood Banana Longsleeve Tee,235.0,RU02E1262-FW25P-50-WASHE,0,fulfilled,235.0,10.0,47.0,292.0,0.0,0.0
#1185,,,2025-02-19 08:00:00 +0000,2025-02-19 08:00:00 +0000,1,Womens Performa Jane Evo - Beige,150.0,V-SS26P-26W2102PNAN-BEG,0,fulfilled,,,,,,
#1185,,,2025-02-19 08:00:00 +0000,2025-02-19 08:00:00 +0000,1,Marmalade Candle - 175g,60.0,CANDLE-MARM-175,0,fulfilled,,,,,,
#1186,bernardtaylor@example.net,paid,2025-06-17 16:00:00 +0000,2025-06-17 16:00:00 +0000,1,Sport Uniform Skirt - Black,250.0,SPORT-SKIRT-BLK-M,0,fulfilled,200.0,10.0,40.0,250.0,50.0,0.0
#1187,sylvia11@example.net,paid,2025-04-20 22:00:00 +0000,2025-04-20 22:00:00 +0000,1,Womens Performa Jane Evo - Beige,150.0,V-SS26P-26W2102PNAN-BEG,0,fulfilled,100.0,10.0,20.0,130.0,50.0,0.0
#1188,josephbegum@example.net,paid,2025-06-21 18:00:00 +0000,2025-06-21 18:00:00 +0000,1,Womens Performa Jane Evo - Beige,150.0,V-SS26P-26W2102PNAN-BEG,0,fulfilled,100.0,10.0,20.0,130.0,50.0,0.0
#1189,atkinsirene@example.org,paid,2025-04-19 10:00:00 +0000,2025-04-19 10:00:00 +0000,2,Marmalade Candle - 175g,60.0,CANDLE-MARM-175,0,fulfilled,120.0,10.0,24.0,154.0,0.0,0.0
#1189,,,2025-04-19 10:00:00 +0000,2025-04-19 10:00:00 +0000,1,Oversized Longsleeve Hoodie - Grey,365.0,RU02E1623-FW25P-50-BOSCO,0,fulfilled,,,,,,
#1189,,,2025-04-19 10:00:00 +0000,2025-04-19 10:00:00 +0000,1,Mens Jaya Evo Mules - Black,155.0,25M1501P-FW25P-43-BLACK,0,fulfilled,,,,,,
#1190,sstone@example.com,paid,2025-07-17 18:00:00 +0000,2025-07-17 18:00:00 +0000,1,Mens Jaya Evo Mules - Black,155.0,25M1501P-FW25P-43-BLACK,0,fulfilled,155.0,10.0,31.0,196.0,0.0,0.0
#1191,eleanor12@example.com,paid,2025-04-03 22:00:00 +0000,2025-04-03 22:00:00 +0000,2,Marmalade Candle - 175g,60.0,CANDLE-MARM-175,0,fulfilled,70.0,10.0,14.0,94.0,50.0,0.0
#1192,abyrne@example.com,paid,2025-09-22 21:00:00 +0000,2025-09-22 21:00:00 +0000,2,Womens Performa Jane Evo - Beige,150.0,V-SS26P-26W2102PNAN-BEG,0,fulfilled,300.0,10.0,60.0,370.0,0.0,0.0
#1193,nthomson@example.org,paid,2025-09-08 21:00:00 +0000,2025-09-08 21:00:00 +0000,2,Sport Uniform Skirt - Black,250.0,SPORT-SKIRT-BLK-M,0,fulfilled,500.0,10.0,100.0,610.0,0.0,0.0
#1194,qjohnston@example.net,paid,2025-01-11 11:00:00 +0000,2025-01-11 11:00:00 +0000,1,Oversized Longsleeve Hoodie - Grey,365.0,RU02E1623-FW25P-50-BOSCO,0,fulfilled,365.0,10.0,73.0,448.0,0.0,0.0
#1194,,,2025-01-11 11:00:00 +0000,2025-01-11 11:00:00 +0000,1,Hollywood Banana Longsleeve Tee,235.0,RU02E1262-FW25P-50-WASHE,0,fulfilled,,,,,,
#1195,rcampbell@example.org,paid,2025-03-14 21:00:00 +0000,2025-03-14 21:00:00 +0000,1,Marmalade Candle - 175g,60.0,CANDLE-MARM-175,0,fulfilled,10.0,10.0,2.0,22.0,50.0,0.0
#1195,,,2025-03-14 21:00:00 +0000,2025-03-14 21:00:00 +0000,1,Sport Uniform Skirt - Black,250.0,SPORT-SKIRT-BLK-M,0,fulfilled,,,,,,
#1196,msmith@example.org,paid,2025-02-26 17:00:00 +0000,2025-02-26 17:00:00 +0000,2,Hollywood Banana Longsleeve Tee,235.0,RU02E1262-FW25P-50-WASHE,0,fulfilled,470.0,10.0,94.0,574.0,0.0,0.0
#1196,,,2025-02-26 17:00:00 +0000,2025-02-26 17:00:00 +0000,1,Womens Performa Jane Evo - Beige,150.0,V-SS26P-26W2102PNAN-BEG,0,fulfilled,,,,,,
#1197,lisa70@example.com,paid,2025-02-08 16:00:00 +0000,2025-02-08 16:00:00 +0000,1,Oversized Longsleeve Hoodie - Grey,365.0,RU02E1623-FW25P-50-BOSCO,0,fulfilled,365.0,10.0,73.0,448.0,0.0,0.0
#1198,jessica53@example.com,paid,2025-10-13 19:00:00 +0000,2025-10-13 19:00:00 +0000,2,Oversized Longsleeve Hoodie - Grey,365.0,RU02E1623-FW25P-50-BOSCO,0,fulfilled,730.0,10.0,146.0,886.0,0.0,0.0
#1198,,,2025-10-13 19:00:00 +0000,2025-10-13 19:00:00 +0000,2,Womens Performa Jane Evo - Beige,150.0,V-SS26P-26W2102PNAN-BEG,0,fulfilled,,,,,,
#1198,,,2025-10-13 19:00:00 +0000,2025-10-13 19:00:00 +0000,1,Sport Uniform Skirt - Black,250.0,SPORT-SKIRT-BLK-M,0,fulfilled,,,,,,
#1199,uali@example.net,paid,2025-11-21 16:00:00 +0000,2025-11-21 16:00:00 +0000,2,Oversized Longsleeve Hoodie - Grey,365.0,RU02E1623-FW25P-50-BOSCO,0,fulfilled,680.0,10.0,136.0,826.0,50.0,0.0
#1200,charlottewood@example.net,paid,2025-05-25 11:00:00 +0000,2025-05-25 11:00:00 +0000,2,Sport Uniform Skirt - Black,250.0,SPORT-SKIRT-BLK-M,0,fulfilled,500.0,10.0,100.0,610.0,0.0,0.0
#1201,juliaharrison@example.org,paid,2025-01-09 11:00:00 +0000,2025-01-09 11:00:00 +0000,1,Oversized Longsleeve Hoodie - Grey,365.0,RU02E1623-FW25P-50-BOSCO,0,fulfilled,315.0,10.0,63.0,388.0,50.0,0.0
#1202,dominic68@example.net,paid,2025-08-22 10:00:00 +0000,2025-08-22 10:00:00 +0000,2,Hollywood Banana Longsleeve Tee,235.0,RU02E1262-FW25P-50-WASHE,0,fulfilled,470.0,10.0,94.0,574.0,0.0,0.0
#1202,,,2025-08-22 10:00:00 +0000,2025-08-22 10:00:00 +0000,1,Marmalade Candle - 175g,60.0,CANDLE-MARM-175,0,fulfilled,,,,,,
#1203,leonarddavis@example.org,paid,2025-08-07 11:00:00 +0000,2025-08-07 11:00:00 +0000,1,Hollywood Banana Longsleeve Tee,235.0,RU02E1262-FW25P-50-WASHE,0,fulfilled,185.0,10.0,37.0,232.0,50.0,0.0
#1204,christian29@example.com,paid,2025-03-29 19:00:00 +0000,2025-03-29 19:00:00 +0000,2,Marmalade Candle - 175g,60.0,CANDLE-MARM-175,0,fulfilled,120.0,10.0,24.0,154.0,0.0,0.0
#1204,,,2025-03-29 19:00:00 +0000,2025-03-29 19:00:00 +0000,1,Oversized Longsleeve Hoodie - Grey,365.0,RU02E1623-FW25P-50-BOSCO,0,fulfilled,,,,,,
#1204,,,2025-03-29 19:00:00 +0000,2025-03-29 19:00:00 +0000,1,Sport Uniform Skirt - Black,250.0,SPORT-SKIRT-BLK-M,0,fulfilled,,,,,,
#1205,dalybradley@example.net,paid,2025-09-26 15:00:00 +0000,2025-09-26 15:00:00 +0000,2,Oversized Longsleeve Hoodie - Grey,365.0,RU02E1623-FW25P-50-BOSCO,0,fulfilled,730.0,10.0,146.0,886.0,0.0,0.0
#1206,malcolmedwards@example.net,paid,2025-05-13 08:00:00 +0000,2025-05-13 08:00:00 +0000,1,Sport Uniform Skirt - Black,250.0,SPORT-SKIRT-BLK-M,0,fulfilled,250.0,10.0,50.0,310.0,0.0,0.0
#1206,,,2025-05-13 08:00:00 +0000,2025-05-13 08:00:00 +0000,1,Oversized Longsleeve Hoodie - Grey,365.0,RU02E1623-FW25P-50-BOSCO,0,fulfilled,,,,,,
#1206,,,2025-05-13 08:00:00 +0000,2025-05-13 08:00:00 +0000,2,Hollywood Banana Longsleeve Tee,235.0,RU02E1262-FW25P-50-WASHE,0,fulfilled,,,,,,
#1207,brooksjustin@example.net,paid,2025-08-25 10:00:00 +0000,2025-08-25 10:00:00 +0000,2,Marmalade Candle - 175g,60.0,CANDLE-MARM-175,0,fulfilled,70.0,10.0,14.0,94.0,50.0,0.0
#1207,,,2025-08-25 10:00:00 +0000,2025-08-25 10:00:00 +0000,2,Sport Uniform Skirt - Black,250.0,SPORT-SKIRT-BLK-M,0,fulfilled,,,,,,
#1208,catherine70@example.com,paid,2025-03-22 09:00:00 +0000,2025-03-22 09:00:00 +0000,1,Mens Jaya Evo Mules - Black,155.0,25M1501P-FW25P-43-BLACK,0,fulfilled,155.0,10.0,31.0,196.0,0.0,0.0
#1208,,,2025-03-22 09:00:00 +0000,2025-03-22 09:00:00 +0000,2,Sport Uniform Skirt - Black,250.0,SPORT-SKIRT-BLK-M,0,fulfilled,,,,,,
#1208,,,2025-03-22 09:00:00 +0000,2025-03-22 09:00:00 +0000,1,Hollywood Banana Longsleeve Tee,235.0,RU02E1262-FW25P-50-WASHE,0,fulfilled,,,,,,
#1209,kirsty93@example.org,paid,2025-03-16 16:00:00 +0000,2025-03-16 16:00:00 +0000,2,Sport Uniform Skirt - Black,250.0,SPORT-SKIRT-BLK-M,0,fulfilled,450.0,10.0,90.0,550.0,50.0,0.0
#1210,barryjones@example.org,paid,2025-09-22 16:00:00 +0000,2025-09-22 16:00:00 +0000,1,Sport Uniform Skirt - Black,250.0,SPORT-SKIRT-BLK-M,0,fulfilled,250.0,10.0,50.0,310.0,0.0,0.0
#1211,liam73@example.com,paid,2025-07-22 10:00:00 +0000,2025-07-22 10:00:00 +0000,2,Sport Uniform Skirt - Black,250.0,SPORT-SKIRT-BLK-M,0,fulfilled,450.0,10.0,90.0,550.0,50.0,0.0
#1211,,,2025-07-22 10:00:00 +0000,2025-07-22 10:00:00 +0000,2,Womens Performa Jane Evo - Beige,150.0,V-SS26P-26W2102PNAN-BEG,0,fulfilled,,,,,,
#1212,bondjordan@example.org,paid,2025-10-30 19:00:00 +0000,2025-10-30 19:00:00 +0000,1,Sport Uniform Skirt - Black,250.0,SPORT-SKIRT-BLK-M,0,fulfilled,200.0,10.0,40.0,250.0,50.0,0.0
#1212,,,2025-10-30 19:00:00 +0000,2025-10-30 19:00:00 +0000,1,Hollywood Banana Longsleeve Tee,235.0,RU02E1262-FW25P-50-WASHE,0,fulfilled,,,,,,
#1212,,,2025-10-30 19:00:00 +0000,2025-10-30 19:00:00 +0000,1,Oversized Longsleeve Hoodie - Grey,365.0,RU02E1623-FW25P-50-BOSCO,0,fulfilled,,,,,,
#1213,iain35@example.com,paid,2025-10-22 12:00:00 +0000,2025-10-22 12:00:00 +0000,1,Womens Performa Jane Evo - Beige,150.0,V-SS26P-26W2102PNAN-BEG,0,fulfilled,100.0,10.0,20.0,130.0,50.0,0.0
#1214,watkinscolin@example.com,paid,2025-03-25 22:00:00 +0000,2025-03-25 22:00:00 +0000,2,Mens Jaya Evo Mules - Black,155.0,25M1501P-FW25P-43-BLACK,0,fulfilled,310.0,10.0,62.0,382.0,0.0,0.0
#1215,masonsusan@example.org,paid,2025-06-09 15:00:00 +0000,2025-06-09 15:00:00 +0000,1,Womens Performa Jane Evo - Beige,150.0,V-SS26P-26W2102PNAN-BEG,0,fulfilled,150.0,10.0,30.0,190.0,0.0,0.0
#1216,cameron13@example.net,paid,2025-12-14 12:00:00 +0000,2025-12-14 12:00:00 +0000,2,Hollywood Banana Longsleeve Tee,235.0,RU02E1262-FW25P-50-WASHE,0,fulfilled,470.0,10.0,94.0,574.0,0.0,0.0
#1216,,,2025-12-14 12:00:00 +0000,2025-12-14 12:00:00 +0000,2,Mens Jaya Evo Mules - Black,155.0,25M1501P-FW25P-43-BLACK,0,fulfilled,,,,,,
#1216,,,2025-12-14 12:00:00 +0000,2025-12-14 12:00:00 +0000,1,Womens Performa Jane Evo - Beige,150.0,V-SS26P-26W2102PNAN-BEG,0,fulfilled,,,,,,
#1217,ewilliams@example.com,paid,2025-12-06 17:00:00 +0000,2025-12-06 17:00:00 +0000,1,Mens Jaya Evo Mules - Black,155.0,25M1501P-FW25P-43-BLACK,0,fulfilled,155.0,10.0,31.0,196.0,0.0,0.0
#1217,,,2025-12-06 17:00:00 +0000,2025-12-06 17:00:00 +0000,1,Marmalade Candle - 175g,60.0,CANDLE-MARM-175,0,fulfilled,,,,,,
#1218,sian10@example.net,paid,2025-06-20 21:00:00 +0000,2025-06-20 21:00:00 +0000,2,Sport Uniform Skirt - Black,250.0,SPORT-SKIRT-BLK-M,0,fulfilled,450.0,10.0,90.0,550.0,50.0,0.0
#1219,sowen@example.com,paid,2025-04-26 13:00:00 +0000,2025-04-26 13:00:00 +0000,2,Marmalade Candle - 175g,60.0,CANDLE-MARM-175,0,fulfilled,120.0,10.0,24.0,154.0,0.0,0.0
#1219,,,2025-04-26 13:00:00 +0000,2025-04-26 13:00:00 +0000,1,Womens Performa Jane Evo - Beige,150.0,V-SS26P-26W2102PNAN-BEG,0,fulfilled,,,,,,
#1219,,,2025-04-26 13:00:00 +0000,2025-04-26 13:00:00 +0000,1,Hollywood Banana Longsleeve Tee,235.0,RU02E1262-FW25P-50-WASHE,0,fulfilled,,,,,,
#1220,katherinemurray@example.com,paid,2025-09-22 19:00:00 +0000,2025-09-22 19:00:00 +0000,1,Sport Uniform Skirt - Black,250.0,SPORT-SKIRT-BLK-M,0,fulfilled,250.0,10.0,50.0,310.0,0.0,0.0
#1220,,,2025-09-22 19:00:00 +0000,2025-09-22 19:00:00 +0000,2,Hollywood Banana Longsleeve Tee,235.0,RU02E1262-FW25P-50-WASHE,0,fulfilled,,,,,,
#1221,marcus21@example.com,paid,2025-07-28 12:00:00 +0000,2025-07-28 12:00:00 +0000,1,Marmalade Candle - 175g,60.0,CANDLE-MARM-175,0,fulfilled,10.0,10.0,2.0,22.0,50.0,0.0
#1221,,,2025-07-28 12:00:00 +0000,2025-07-28 12:00:00 +0000,1,Mens Jaya Evo Mules - Black,155.0,25M1501P-FW25P-43-BLACK,0,fulfilled,,,,,,
#1222,butcherheather@example.net,paid,2025-06-02 17:00:00 +0000,2025-06-02 17:00:00 +0000,2,Marmalade Candle - 175g,60.0,CANDLE-MARM-175,0,fulfilled,120.0,10.0,24.0,154.0,0.0,0.0
#1223,jessicaellis@example.net,paid,2025-08-19 13:00:00 +0000,2025-08-19 13:00:00 +0000,1,Mens Jaya Evo Mules - Black,155.0,25M1501P-FW25P-43-BLACK,0,fulfilled,155.0,10.0,31.0,196.0,0.0,0.0
#1223,,,2025-08-19 13:00:00 +0000,2025-08-19 13:00:00 +0000,1,Marmalade Candle - 175g,60.0,CANDLE-MARM-175,0,fulfilled,,,,,,
#1224,taylormarion@example.org,paid,2025-12-04 16:00:00 +0000,2025-12-04 16:00:00 +0000,1,Mens Jaya Evo Mules - Black,155.0,25M1501P-FW25P-43-BLACK,0,fulfilled,155.0,10.0,31.0,196.0,0.0,0.0
#1224,,,2025-12-04 16:00:00 +0000,2025-12-04 16:00:00 +0000,1,Sport Uniform Skirt - Black,250.0,SPORT-SKIRT-BLK-M,0,fulfilled,,,,,,
#1224,,,2025-12-04 16:00:00 +0000,2025-12-04 16:00:00 +0000,2,Womens Performa Jane Evo - Beige,150.0,V-SS26P-26W2102PNAN-BEG,0,fulfilled,,,,,,
#1225,mohamedjames@example.com,paid,2025-04-23 17:00:00 +0000,2025-04-23 17:00:00 +0000,2,Mens Jaya Evo Mules - Black,155.0,25M1501P-FW25P-43-BLACK,0,fulfilled,310.0,10.0,62.0,382.0,0.0,0.0
#1225,,,2025-04-23 17:00:00 +0000,2025-04-23 17:00:00 +0000,1,Oversized Longsleeve Hoodie - Grey,365.0,RU02E1623-FW25P-50-BOSCO,0,fulfilled,,,,,,
#1226,owarner@example.com,paid,2025-03-21 22:00:00 +0000,2025-03-21 22:00:00 +0000,2,Hollywood Banana Longsleeve Tee,235.0,RU02E1262-FW25P-50-WASHE,0,fulfilled,420.0,10.0,84.0,514.0,50.0,0.0
#1226,,,2025-03-21 22:00:00 +0000,2025-03-21 22:00:00 +0000,1,Womens Performa Jane Evo - Beige,150.0,V-SS26P-26W2102PNAN-BEG,0,fulfilled,,,,,,
#1226,,,2025-03-21 22:00:00 +0000,2025-03-21 22:00:00 +0000,1,Oversized Longsleeve Hoodie - Grey,365.0,RU02E1623-FW25P-50-BOSCO,0,fulfilled,,,,,,
#1227,smithdouglas@example.com,paid,2025-09-10 12:00:00 +0000,2025-09-10 12:00:00 +0000,2,Hollywood Banana Longsleeve Tee,235.0,RU02E1262-FW25P-50-WASHE,0,fulfilled,470.0,10.0,94.0,574.0,0.0,0.0
#1227,,,2025-09-10 12:00:00 +0000,2025-09-10 12:00:00 +0000,1,Mens Jaya Evo Mules - Black,155.0,25M1501P-FW25P-43-BLACK,0,fulfilled,,,,,,
#1227,,,2025-09-10 12:00:00 +0000,2025-09-10 12:00:00 +0000,1,Oversized Longsleeve Hoodie - Grey,365.0,RU02E1623-FW25P-50-BOSCO,0,fulfilled,,,,,,
#1228,taylorzoe@example.org,paid,2025-01-28 20:00:00 +0000,2025-01-28 20:00:00 +0000,1,Sport Uniform Skirt - Black,250.0,SPORT-SKIRT-BLK-M,0,fulfilled,250.0,10.0,50.0,310.0,0.0,0.0
#1228,,,2025-01-28 20:00:00 +0000,2025-01-28 20:00:00 +0000,2,Oversized Longsleeve Hoodie - Grey,365.0,RU02E1623-FW25P-50-BOSCO,0,fulfilled,,,,,,
#1228,,,2025-01-28 20:00:00 +0000,2025-01-28 20:00:00 +0000,1,Hollywood Banana Longsleeve Tee,235.0,RU02E1262-FW25P-50-WASHE,0,fulfilled,,,,,,
#1229,scott14@example.net,paid,2025-12-19 18:00:00 +0000,2025-12-19 18:00:00 +0000,1,Mens Jaya Evo Mules - Black,155.0,25M1501P-FW25P-43-BLACK,0,fulfilled,155.0,10.0,31.0,196.0,0.0,0.0
#1229,,,2025-12-19 18:00:00 +0000,2025-12-19 18:00:00 +0000,1,Womens Performa Jane Evo - Beige,150.0,V-SS26P-26W2102PNAN-BEG,0,fulfilled,,,,,,
#1230,nicole72@example.com,paid,2025-05-06 10:00:00 +0000,2025-05-06 10:00:00 +0000,1,Oversized Longsleeve Hoodie - Grey,365.0,RU02E1623-FW25P-50-BOSCO,0,fulfilled,365.0,10.0,73.0,448.0,0.0,0.0
#1231,abdulhunter@example.net,paid,2025-12-25 14:00:00 +0000,2025-12-25 14:00:00 +0000,2,Marmalade Candle - 175g,60.0,CANDLE-MARM-175,0,fulfilled,120.0,10.0,24.0,154.0,0.0,0.0
#1231,,,2025-12-25 14:00:00 +0000,2025-12-25 14:00:00 +0000,1,Sport Uniform Skirt - Black,250.0,SPORT-SKIRT-BLK-M,0,fulfilled,,,,,,
#1232,kennethpoole@example.org,paid,2025-02-10 20:00:00 +0000,2025-02-10 20:00:00 +0000,2,Marmalade Candle - 175g,60.0,CANDLE-MARM-175,0,fulfilled,70.0,10.0,14.0,94.0,50.0,0.0
#1232,,,2025-02-10 20:00:00 +0000,2025-02-10 20:00:00 +0000,1,Womens Performa Jane Evo - Beige,150.0,V-SS26P-26W2102PNAN-BEG,0,fulfilled,,,,,,
#1233,edward33@example.com,paid,2025-06-30 11:00:00 +0000,2025-06-30 11:00:00 +0000,1,Marmalade Candle - 175g,60.0,CANDLE-MARM-175,0,fulfilled,60.0,10.0,12.0,82.0,0.0,0.0
#1233,,,2025-06-30 11:00:00 +0000,2025-06-30 11:00:00 +0000,1,Mens Jaya Evo Mules - Black,155.0,25M1501P-FW25P-43-BLACK,0,fulfilled,,,,,,
#1234,garry91@example.org,paid,2025-04-14 18:00:00 +0000,2025-04-14 18:00:00 +0000,2,Sport Uniform Skirt - Black,250.0,SPORT-SKIRT-BLK-M,0,fulfilled,500.0,10.0,100.0,610.0,0.0,0.0
#1235,olivergordon@example.com,paid,2025-09-25 14:00:00 +0000,2025-09-25 14:00:00 +0000,2,Hollywood Banana Longsleeve Tee,235.0,RU02E1262-FW25P-50-WASHE,0,fulfilled,470.0,10.0,94.0,574.0,0.0,0.0
#1235,,,2025-09-25 14:00:00 +0000,2025-09-25 14:00:00 +0000,1,Marmalade Candle - 175g,60.0,CANDLE-MARM-175,0,fulfilled,,,,,,
#1235,,,2025-09-25 14:00:00 +0000,2025-09-25 14:00:00 +0000,1,Oversized Longsleeve Hoodie - Grey,365.0,RU02E1623-FW25P-50-BOSCO,0,fulfilled,,,,,,
#1236,mariaanderson@example.org,paid,2025-07-12 09:00:00 +0000,2025-07-12 09:00:00 +0000,2,Mens Jaya Evo Mules - Black,155.0,25M1501P-FW25P-43-BLACK,0,fulfilled,260.0,10.0,52.0,322.0,50.0,0.0
#1236,,,2025-07-12 09:00:00 +0000,2025-07-12 09:00:00 +0000,1,Marmalade Candle - 175g,60.0,CANDLE-MARM-175,0,fulfilled,,,,,,
#1237,eileenward@example.com,paid,2025-05-20 21:00:00 +0000,2025-05-20 21:00:00 +0000,1,Marmalade Candle - 175g,60.0,CANDLE-MARM-175,0,fulfilled,10.0,10.0,2.0,22.0,50.0,0.0
#1237,,,2025-05-20 21:00:00 +0000,2025-05-20 21:00:00 +0000,2,Sport Uniform Skirt - Black,250.0,SPORT-SKIRT-BLK-M,0,fulfilled,,,,,,
#1237,,,2025-05-20 21:00:00 +0000,2025-05-20 21:00:00 +0000,1,Hollywood Banana Longsleeve Tee,235.0,RU02E1262-FW25P-50-WASHE,0,fulfilled,,,,,,
#1238,gwilliams@example.org,paid,2025-09-22 22:00:00 +0000,2025-09-22 22:00:00 +0000,1,Womens Performa Jane Evo - Beige,150.0,V-SS26P-26W2102PNAN-BEG,0,fulfilled,150.0,10.0,30.0,190.0,0.0,0.0
#1238,,,2025-09-22 22:00:00 +0000,2025-09-22 22:00:00 +0000,2,Hollywood Banana Longsleeve Tee,235.0,RU02E1262-FW25P-50-WASHE,0,fulfilled,,,,,,
#1238,,,2025-09-22 22:00:00 +0000,2025-09-22 22:00:00 +0000,2,Sport Uniform Skirt - Black,250.0,SPORT-SKIRT-BLK-M,0,fulfilled,,,,,,
#1239,jay37@example.org,paid,2025-05-25 14:00:00 +0000,2025-05-25 14:00:00 +0000,1,Oversized Longsleeve Hoodie - Grey,365.0,RU02E1623-FW25P-50-BOSCO,0,fulfilled,365.0,10.0,73.0,448.0,0.0,0.0
#1239,,,2025-05-25 14:00:00 +0000,2025-05-25 14:00:00 +0000,1,Marmalade Candle - 175g,60.0,CANDLE-MARM-175,0,fulfilled,,,,,,
#1239,,,2025-05-25 14:00:00 +0000,2025-05-25 14:00:00 +0000,2,Mens Jaya Evo Mules - Black,155.0,25M1501P-FW25P-43-BLACK,0,fulfilled,,,,,,
#1240,georgehughes@example.net,paid,2025-10-16 12:00:00 +0000,2025-10-16 12:00:00 +0000,2,Mens Jaya Evo Mules - Black,155.0,25M1501P-FW25P-43-BLACK,0,fulfilled,260.0,10.0,52.0,322.0,50.0,0.0
#1241,mburke@example.org,paid,2025-12-27 17:00:00 +0000,2025-12-27 17:00:00 +0000,2,Sport Uniform Skirt - Black,250.0,SPORT-SKIRT-BLK-M,0,fulfilled,500.0,10.0,100.0,610.0,0.0,0.0
#1241,,,2025-12-27 17:00:00 +0000,2025-12-27 17:00:00 +0000,2,Marmalade Candle - 175g,60.0,CANDLE-MARM-175,0,fulfilled,,,,,,
#1241,,,2025-12-27 17:00:00 +0000,2025-12-27 17:00:00 +0000,1,Mens Jaya Evo Mules - Black,155.0,25M1501P-FW25P-43-BLACK,0,fulfilled,,,,,,
#1242,ygiles@example.com,paid,2025-11-26 11:00:00 +0000,2025-11-26 11:00:00 +0000,1,Mens Jaya Evo Mules - Black,155.0,25M1501P-FW25P-43-BLACK,0,fulfilled,105.0,10.0,21.0,136.0,50.0,0.0
#1242,,,2025-11-26 11:00:00 +0000,2025-11-26 11:00:00 +0000,2,Sport Uniform Skirt - Black,250.0,SPORT-SKIRT-BLK-M,0,fulfilled,,,,,,
#1243,debramoore@example.net,paid,2025-09-06 09:00:00 +0000,2025-09-06 09:00:00 +0000,2,Marmalade Candle - 175g,60.0,CANDLE-MARM-175,0,fulfilled,120.0,10.0,24.0,154.0,0.0,0.0
#1243,,,2025-09-06 09:00:00 +0000,2025-09-06 09:00:00 +0000,1,Mens Jaya Evo Mules - Black,155.0,25M1501P-FW25P-43-BLACK,0,fulfilled,,,,,,
#1243,,,2025-09-06 09:00:00 +0000,2025-09-06 09:00:00 +0000,2,Womens Performa Jane Evo - Beige,150.0,V-SS26P-26W2102PNAN-BEG,0,fulfilled,,,,,,
#1244,ashleigh77@example.net,paid,2025-01-13 18:00:00 +0000,2025-01-13 18:00:00 +0000,1,Mens Jaya Evo Mules - Black,155.0,25M1501P-FW25P-43-BLACK,0,fulfilled,155.0,10.0,31.0,196.0,0.0,0.0
#1244,,,2025-01-13 18:00:00 +0000,2025-01-13 18:00:00 +0000,2,Hollywood Banana Longsleeve Tee,235.0,RU02E1262-FW25P-50-WASHE,0,fulfilled,,,,,,
#1245,huntsylvia@example.com,paid,2025-07-07 10:00:00 +0000,2025-07-07 10:00:00 +0000,1,Marmalade Candle - 175g,60.0,CANDLE-MARM-175,0,fulfilled,60.0,10.0,12.0,82.0,0.0,0.0
#1246,stewartzoe@example.com,paid,2025-02-02 19:00:00 +0000,2025-02-02 19:00:00 +0000,2,Hollywood Banana Longsleeve Tee,235.0,RU02E1262-FW25P-50-WASHE,0,fulfilled,470.0,10.0,94.0,574.0,0.0,0.0
#1246,,,2025-02-02 19:00:00 +0000,2025-02-02 19:00:00 +0000,2,Womens Performa Jane Evo - Beige,150.0,V-SS26P-26W2102PNAN-BEG,0,fulfilled,,,,,,
#1246,,,2025-02-02 19:00:00 +0000,2025-02-02 19:00:00 +0000,2,Oversized Longsleeve Hoodie - Grey,365.0,RU02E1623-FW25P-50-BOSCO,0,fulfilled,,,,,,
#1247,peterssophie@example.org,paid,2025-03-15 21:00:00 +0000,2025-03-15 21:00:00 +0000,1,Oversized Longsleeve Hoodie - Grey,365.0,RU02E1623-FW25P-50-BOSCO,0,fulfilled,365.0,10.0,73.0,448.0,0.0,0.0
#1248,osullivannicola@example.net,paid,2025-09-16 22:00:00 +0000,2025-09-16 22:00:00 +0000,1,Oversized Longsleeve Hoodie - Grey,365.0,RU02E1623-FW25P-50-BOSCO,0,fulfilled,365.0,10.0,73.0,448.0,0.0,0.0
#1248,,,2025-09-16 22:00:00 +0000,2025-09-16 22:00:00 +0000,2,Sport Uniform Skirt - Black,250.0,SPORT-SKIRT-BLK-M,0,fulfilled,,,,,,
#1249,ohughes@example.net,paid,2025-12-15 13:00:00 +0000,2025-12-15 13:00:00 +0000,2,Oversized Longsleeve Hoodie - Grey,365.0,RU02E1623-FW25P-50-BOSCO,0,fulfilled,730.0,10.0,146.0,886.0,0.0,0.0
#1249,,,2025-12-15 13:00:00 +0000,2025-12-15 13:00:00 +0000,2,Sport Uniform Skirt - Black,250.0,SPORT-SKIRT-BLK-M,0,fulfilled,,,,,,
#1249,,,2025-12-15 13:00:00 +0000,2025-12-15 13:00:00 +0000,2,Womens Performa Jane Evo - Beige,150.0,V-SS26P-26W2102PNAN-BEG,0,fulfilled,,,,,,
#1250,denise67@example.net,paid,2025-07-09 11:00:00 +0000,2025-07-09 11:00:00 +0000,2,Womens Performa Jane Evo - Beige,150.0,V-SS26P-26W2102PNAN-BEG,0,fulfilled,250.0,10.0,50.0,310.0,50.0,0.0
#1251,marilynmckenzie@example.org,paid,2025-06-12 13:00:00 +0000,2025-06-12 13:00:00 +0000,1,Sport Uniform Skirt - Black,250.0,SPORT-SKIRT-BLK-M,0,fulfilled,200.0,10.0,40.0,250.0,50.0,0.0
#1251,,,2025-06-12 13:00:00 +0000,2025-06-12 13:00:00 +0000,2,Marmalade Candle - 175g,60.0,CANDLE-MARM-175,0,fulfilled,,,,,,
#1252,lchapman@example.net,paid,2025-05-06 22:00:00 +0000,2025-05-06 22:00:00 +0000,2,Hollywood Banana Longsleeve Tee,235.0,RU02E1262-FW25P-50-WASHE,0,fulfilled,470.0,10.0,94.0,574.0,0.0,0.0
#1252,,,2025-05-06 22:00:00 +0000,2025-05-06 22:00:00 +0000,2,Womens Performa Jane Evo - Beige,150.0,V-SS26P-26W2102PNAN-BEG,0,fulfilled,,,,,,
#1252,,,2025-05-06 22:00:00 +0000,2025-05-06 22:00:00 +0000,1,Sport Uniform Skirt - Black,250.0,SPORT-SKIRT-BLK-M,0,fulfilled,,,,,,
#1253,zstephens@example.org,paid,2025-05-14 13:00:00 +0000,2025-05-14 13:00:00 +0000,1,Sport Uniform Skirt - Black,250.0,SPORT-SKIRT-BLK-M,0,fulfilled,200.0,10.0,40.0,250.0,50.0,0.0
#1254,hallglen@example.com,paid,2025-10-28 08:00:00 +0000,2025-10-28 08:00:00 +0000,1,Oversized Longsleeve Hoodie - Grey,365.0,RU02E1623-FW25P-50-BOSCO,0,fulfilled,315.0,10.0,63.0,388.0,50.0,0.0
#1254,,,2025-10-28 08:00:00 +0000,2025-10-28 08:00:00 +0000,2,Sport Uniform Skirt - Black,250.0,SPORT-SKIRT-BLK-M,0,fulfilled,,,,,,
#1255,bondemma@example.com,paid,2025-11-20 17:00:00 +0000,2025-11-20 17:00:00 +0000,1,Oversized Longsleeve Hoodie - Grey,365.0,RU02E1623-FW25P-50-BOSCO,0,fulfilled,365.0,10.0,73.0,448.0,0.0,0.0
#1256,zjarvis@example.com,paid,2025-10-09 15:00:00 +0000,2025-10-09 15:00:00 +0000,1,Womens Performa Jane Evo - Beige,150.0,V-SS26P-26W2102PNAN-BEG,0,fulfilled,100.0,10.0,20.0,130.0,50.0,0.0
#1256,,,2025-10-09 15:00:00 +0000,2025-10-09 15:00:00 +0000,2,Marmalade Candle - 175g,60.0,CANDLE-MARM-175,0,fulfilled,,,,,,
#1256,,,2025-10-09 15:00:00 +0000,2025-10-09 15:00:00 +0000,1,Oversized Longsleeve Hoodie - Grey,365.0,RU02E1623-FW25P-50-BOSCO,0,fulfilled,,,,,,
#1257,fbailey@example.net,paid,2025-07-08 22:00:00 +0000,2025-07-08 22:00:00 +0000,1,Sport Uniform Skirt - Black,250.0,SPORT-SKIRT-BLK-M,0,fulfilled,250.0,10.0,50.0,310.0,0.0,0.0
#1257,,,2025-07-08 22:00:00 +0000,2025-07-08 22:00:00 +0000,1,Marmalade Candle - 175g,60.0,CANDLE-MARM-175,0,fulfilled,,,,,,
#1257,,,2025-07-08 22:00:00 +0000,2025-07-08 22:00:00 +0000,1,Hollywood Banana Longsleeve Tee,235.0,RU02E1262-FW25P-50-WASHE,0,fulfilled,,,,,,
#1258,webbfrancis@example.org,paid,2025-06-15 22:00:00 +0000,2025-06-15 22:00:00 +0000,2,Oversized Longsleeve Hoodie - Grey,365.0,RU02E1623-FW25P-50-BOSCO,0,fulfilled,680.0,10.0,136.0,826.0,50.0,0.0
#1258,,,2025-06-15 22:00:00 +0000,2025-06-15 22:00:00 +0000,2,Womens Performa Jane Evo - Beige,150.0,V-SS26P-26W2102PNAN-BEG,0,fulfilled,,,,,,
#1258,,,2025-06-15 22:00:00 +0000,2025-06-15 22:00:00 +0000,1,Sport Uniform Skirt - Black,250.0,SPORT-SKIRT-BLK-M,0,fulfilled,,,,,,
#1259,melissa39@example.net,paid,2025-04-29 14:00:00 +0000,2025-04-29 14:00:00 +0000,1,Oversized Longsleeve Hoodie - Grey,365.0,RU02E1623-FW25P-50-BOSCO,0,fulfilled,365.0,10.0,73.0,448.0,0.0,0.0
#1259,,,2025-04-29 14:00:00 +0000,2025-04-29 14:00:00 +0000,2,Sport Uniform Skirt - Black,250.0,SPORT-SKIRT-BLK-M,0,fulfilled,,,,,,
#1259,,,2025-04-29 14:00:00 +0000,2025-04-29 14:00:00 +0000,2,Marmalade Candle - 175g,60.0,CANDLE-MARM-175,0,fulfilled,,,,,,
#1260,xcarroll@example.com,paid,2025-10-27 09:00:00 +0000,2025-10-27 09:00:00 +0000,2,Womens Performa Jane Evo - Beige,150.0,V-SS26P-26W2102PNAN-BEG,0,fulfilled,300.0,10.0,60.0,370.0,0.0,0.0
#1260,,,2025-10-27 09:00:00 +0000,2025-10-27 09:00:00 +0000,1,Sport Uniform Skirt - Black,250.0,SPORT-SKIRT-BLK-M,0,fulfilled,,,,,,
#1260,,,2025-10-27 09:00:00 +0000,2025-10-27 09:00:00 +0000,2,Marmalade Candle - 175g,60.0,CANDLE-MARM-175,0,fulfilled,,,,,,
#1261,fordbenjamin@example.com,paid,2025-02-19 17:00:00 +0000,2025-02-19 17:00:00 +0000,1,Mens Jaya Evo Mules - Black,155.0,25M1501P-FW25P-43-BLACK,0,fulfilled,155.0,10.0,31.0,196.0,0.0,0.0
#1262,charlotteblack@example.com,paid,2025-07-03 16:00:00 +0000,2025-07-03 16:00:00 +0000,2,Hollywood Banana Longsleeve Tee,235.0,RU02E1262-FW25P-50-WASHE,0,fulfilled,470.0,10.0,94.0,574.0,0.0,0.0
#1262,,,2025-07-03 16:00:00 +0000,2025-07-03 16:00:00 +0000,1,Oversized Longsleeve Hoodie - Grey,365.0,RU02E1623-FW25P-50-BOSCO,0,fulfilled,,,,,,
#1262,,,2025-07-03 16:00:00 +0000,2025-07-03 16:00:00 +0000,1,Sport Uniform Skirt - Black,250.0,SPORT-SKIRT-BLK-M,0,fulfilled,,,,,,
#1263,taylorchristian@example.net,paid,2025-09-24 12:00:00 +0000,2025-09-24 12:00:00 +0000,1,Hollywood Banana Longsleeve Tee,235.0,RU02E1262-FW25P-50-WASHE,0,fulfilled,235.0,10.0,47.0,292.0,0.0,0.0
#1263,,,2025-09-24 12:00:00 +0000,2025-09-24 12:00:00 +0000,1,Womens Performa Jane Evo - Beige,150.0,V-SS26P-26W2102PNAN-BEG,0,fulfilled,,,,,,
#1263,,,2025-09-24 12:00:00 +0000,2025-09-24 12:00:00 +0000,2,Marmalade Candle - 175g,60.0,CANDLE-MARM-175,0,fulfilled,,,,,,
#1264,frankfrancis@example.com,paid,2025-10-09 17:00:00 +0000,2025-10-09 17:00:00 +0000,2,Oversized Longsleeve Hoodie - Grey,365.0,RU02E1623-FW25P-50-BOSCO,0,fulfilled,730.0,10.0,146.0,886.0,0.0,0.0
#1265,efoster@example.org,paid,2025-09-13 19:00:00 +0000,2025-09-13 19:00:00 +0000,1,Oversized Longsleeve Hoodie - Grey,365.0,RU02E1623-FW25P-50-BOSCO,0,fulfilled,315.0,10.0,63.0,388.0,50.0,0.0
#1266,storeyhilary@example.org,paid,2025-07-03 18:00:00 +0000,2025-07-03 18:00:00 +0000,2,Womens Performa Jane Evo - Beige,150.0,V-SS26P-26W2102PNAN-BEG,0,fulfilled,300.0,10.0,60.0,370.0,0.0,0.0
#1266,,,2025-07-03 18:00:00 +0000,2025-07-03 18:00:00 +0000,1,Oversized Longsleeve Hoodie - Grey,365.0,RU02E1623-FW25P-50-BOSCO,0,fulfilled,,,,,,
#1267,fstephenson@example.com,paid,2025-10-31 19:00:00 +0000,2025-10-31 19:00:00 +0000,1,Mens Jaya Evo Mules - Black,155.0,25M1501P-FW25P-43-BLACK,0,fulfilled,155.0,10.0,31.0,196.0,0.0,0.0
#1268,mlee@example.net,paid,2025-06-30 14:00:00 +0000,2025-06-30 14:00:00 +0000,2,Oversized Longsleeve Hoodie - Grey,365.0,RU02E1623-FW25P-50-BOSCO,0,fulfilled,730.0,10.0,146.0,886.0,0.0,0.0
#1269,barryrobinson@example.com,paid,2025-03-18 16:00:00 +0000,2025-03-18 16:00:00 +0000,1,Mens Jaya Evo Mules - Black,155.0,25M1501P-FW25P-43-BLACK,0,fulfilled,105.0,10.0,21.0,136.0,50.0,0.0
#1269,,,2025-03-18 16:00:00 +0000,2025-03-18 16:00:00 +0000,2,Marmalade Candle - 175g,60.0,CANDLE-MARM-175,0,fulfilled,,,,,,
#1270,sheilasmith@example.net,paid,2025-07-17 18:00:00 +0000,2025-07-17 18:00:00 +0000,2,Sport Uniform Skirt - Black,250.0,SPORT-SKIRT-BLK-M,0,fulfilled,500.0,10.0,100.0,610.0,0.0,0.0
#1271,jonesrhys@example.net,paid,2025-02-03 22:00:00 +0000,2025-02-03 22:00:00 +0000,2,Oversized Longsleeve Hoodie - Grey,365.0,RU02E1623-FW25P-50-BOSCO,0,fulfilled,730.0,10.0,146.0,886.0,0.0,0.0
#1271,,,2025-02-03 22:00:00 +0000,2025-02-03 22:00:00 +0000,2,Sport Uniform Skirt - Black,250.0,SPORT-SKIRT-BLK-M,0,fulfilled,,,,,,
#1272,dnewton@example.org,paid,2025-06-07 22:00:00 +0000,2025-06-07 22:00:00 +0000,1,Hollywood Banana Longsleeve Tee,235.0,RU02E1262-FW25P-50-WASHE,0,fulfilled,185.0,10.0,37.0,232.0,50.0,0.0
#1272,,,2025-06-07 22:00:00 +0000,2025-06-07 22:00:00 +0000,1,Oversized Longsleeve Hoodie - Grey,365.0,RU02E1623-FW25P-50-BOSCO,0,fulfilled,,,,,,
#1272,,,2025-06-07 22:00:00 +0000,2025-06-07 22:00:00 +0000,2,Sport Uniform Skirt - Black,250.0,SPORT-SKIRT-BLK-M,0,fulfilled,,,,,,
#1273,geraldinecox@example.net,paid,2025-09-20 20:00:00 +0000,2025-09-20 20:00:00 +0000,1,Oversized Longsleeve Hoodie - Grey,365.0,RU02E1623-FW25P-50-BOSCO,0,fulfilled,365.0,10.0,73.0,448.0,0.0,0.0
#1273,,,2025-09-20 20:00:00 +0000,2025-09-20 20:00:00 +0000,2,Marmalade Candle - 175g,60.0,CANDLE-MARM-175,0,fulfilled,,,,,,
#1274,bwalker@example.org,paid,2025-09-27 10:00:00 +0000,2025-09-27 10:00:00 +0000,1,Marmalade Candle - 175g,60.0,CANDLE-MARM-175,0,fulfilled,60.0,10.0,12.0,82.0,0.0,0.0
#1275,benjaminhall@example.net,paid,2025-04-09 17:00:00 +0000,2025-04-09 17:00:00 +0000,1,Sport Uniform Skirt - Black,250.0,SPORT-SKIRT-BLK-M,0,fulfilled,250.0,10.0,50.0,310.0,0.0,0.0
#1275,,,2025-04-09 17:00:00 +0000,2025-04-09 17:00:00 +0000,2,Womens Performa Jane Evo - Beige,150.0,V-SS26P-26W2102PNAN-BEG,0,fulfilled,,,,,,
#1275,,,2025-04-09 17:00:00 +0000,2025-04-09 17:00:00 +0000,2,Oversized Longsleeve Hoodie - Grey,365.0,RU02E1623-FW25P-50-BOSCO,0,fulfilled,,,,,,
#1276,sylviarowe@example.com,paid,2025-07-31 10:00:00 +0000,2025-07-31 10:00:00 +0000,2,Hollywood Banana Longsleeve Tee,235.0,RU02E1262-FW25P-50-WASHE,0,fulfilled,470.0,10.0,94.0,574.0,0.0,0.0
#1276,,,2025-07-31 10:00:00 +0000,2025-07-31 10:00:00 +0000,1,Sport Uniform Skirt - Black,250.0,SPORT-SKIRT-BLK-M,0,fulfilled,,,,,,
#1276,,,2025-07-31 10:00:00 +0000,2025-07-31 10:00:00 +0000,1,Mens Jaya Evo Mules - Black,155.0,25M1501P-FW25P-43-BLACK,0,fulfilled,,,,,,
#1277,dennisdaniels@example.org,paid,2025-04-04 18:00:00 +0000,2025-04-04 18:00:00 +0000,2,Oversized Longsleeve Hoodie - Grey,365.0,RU02E1623-FW25P-50-BOSCO,0,fulfilled,730.0,10.0,146.0,886.0,0.0,0.0
#1278,mossbrenda@example.com,paid,2025-09-06 20:00:00 +0000,2025-09-06 20:00:00 +0000,2,Mens Jaya Evo Mules - Black,155.0,25M1501P-FW25P-43-BLACK,0,fulfilled,260.0,10.0,52.0,322.0,50.0,0.0
#1278,,,2025-09-06 20:00:00 +0000,2025-09-06 20:00:00 +0000,1,Womens Performa Jane Evo - Beige,150.0,V-SS26P-26W2102PNAN-BEG,0,fulfilled,,,,,,
#1279,sophiecharlton@example.org,paid,2025-06-10 11:00:00 +0000,2025-06-10 11:00:00 +0000,1,Marmalade Candle - 175g,60.0,CANDLE-MARM-175,0,fulfilled,10.0,10.0,2.0,22.0,50.0,0.0
#1280,pbond@example.net,paid,2025-01-09 19:00:00 +0000,2025-01-09 19:00:00 +0000,1,Womens Performa Jane Evo - Beige,150.0,V-SS26P-26W2102PNAN-BEG,0,fulfilled,150.0,10.0,30.0,190.0,0.0,0.0
#1280,,,2025-01-09 19:00:00 +0000,2025-01-09 19:00:00 +0000,2,Sport Uniform Skirt - Black,250.0,SPORT-SKIRT-BLK-M,0,fulfilled,,,,,,
#1281,hollycarter@example.com,paid,2025-01-01 10:00:00 +0000,2025-01-01 10:00:00 +0000,1,Womens Performa Jane Evo - Beige,150.0,V-SS26P-26W2102PNAN-BEG,0,fulfilled,150.0,10.0,30.0,190.0,0.0,0.0
#1281,,,2025-01-01 10:00:00 +0000,2025-01-01 10:00:00 +0000,1,Sport Uniform Skirt - Black,250.0,SPORT-SKIRT-BLK-M,0,fulfilled,,,,,,
#1282,tkelly@example.net,paid,2025-08-05 13:00:00 +0000,2025-08-05 13:00:00 +0000,2,Womens Performa Jane Evo - Beige,150.0,V-SS26P-26W2102PNAN-BEG,0,fulfilled,300.0,10.0,60.0,370.0,0.0,0.0
#1282,,,2025-08-05 13:00:00 +0000,2025-08-05 13:00:00 +0000,2,Hollywood Banana Longsleeve Tee,235.0,RU02E1262-FW25P-50-WASHE,0,fulfilled,,,,,,
#1282,,,2025-08-05 13:00:00 +0000,2025-08-05 13:00:00 +0000,2,Mens Jaya Evo Mules - Black,155.0,25M1501P-FW25P-43-BLACK,0,fulfilled,,,,,,
#1283,lewisjoe@example.com,paid,2025-02-11 12:00:00 +0000,2025-02-11 12:00:00 +0000,1,Sport Uniform Skirt - Black,250.0,SPORT-SKIRT-BLK-M,0,fulfilled,200.0,10.0,40.0,250.0,50.0,0.0
#1283,,,2025-02-11 12:00:00 +0000,2025-02-11 12:00:00 +0000,2,Hollywood Banana Longsleeve Tee,235.0,RU02E1262-FW25P-50-WASHE,0,fulfilled,,,,,,
#1284,briggselizabeth@example.com,paid,2025-07-21 18:00:00 +0000,2025-07-21 18:00:00 +0000,1,Hollywood Banana Longsleeve Tee,235.0,RU02E1262-FW25P-50-WASHE,0,fulfilled,235.0,10.0,47.0,292.0,0.0,0.0
#1284,,,2025-07-21 18:00:00 +0000,2025-07-21 18:00:00 +0000,2,Womens Performa Jane Evo - Beige,150.0,V-SS26P-26W2102PNAN-BEG,0,fulfilled,,,,,,
#1285,clairegibbons@example.net,paid,2025-09-10 22:00:00 +0000,2025-09-10 22:00:00 +0000,1,Oversized Longsleeve Hoodie - Grey,365.0,RU02E1623-FW25P-50-BOSCO,0,fulfilled,315.0,10.0,63.0,388.0,50.0,0.0
#1285,,,2025-09-10 22:00:00 +0000,2025-09-10 22:00:00 +0000,1,Hollywood Banana Longsleeve Tee,235.0,RU02E1262-FW25P-50-WASHE,0,fulfilled,,,,,,
#1285,,,2025-09-10 22:00:00 +0000,2025-09-10 22:00:00 +0000,1,Marmalade Candle - 175g,60.0,CANDLE-MARM-175,0,fulfilled,,,,,,
#1286,zdavies@example.org,paid,2025-09-15 10:00:00 +0000,2025-09-15 10:00:00 +0000,1,Marmalade Candle - 175g,60.0,CANDLE-MARM-175,0,fulfilled,60.0,10.0,12.0,82.0,0.0,0.0
#1287,huntjoanna@example.com,paid,2025-06-05 08:00:00 +0000,2025-06-05 08:00:00 +0000,1,Sport Uniform Skirt - Black,250.0,SPORT-SKIRT-BLK-M,0,fulfilled,250.0,10.0,50.0,310.0,0.0,0.0
#1287,,,2025-06-05 08:00:00 +0000,2025-06-05 08:00:00 +0000,2,Marmalade Candle - 175g,60.0,CANDLE-MARM-175,0,fulfilled,,,,,,
#1288,irenefrancis@example.org,paid,2025-05-19 21:00:00 +0000,2025-05-19 21:00:00 +0000,2,Mens Jaya Evo Mules - Black,155.0,25M1501P-FW25P-43-BLACK,0,fulfilled,310.0,10.0,62.0,382.0,0.0,0.0
#1288,,,2025-05-19 21:00:00 +0000,2025-05-19 21:00:00 +0000,1,Hollywood Banana Longsleeve Tee,235.0,RU02E1262-FW25P-50-WASHE,0,fulfilled,,,,,,
#1289,fakhtar@example.com,paid,2025-12-15 12:00:00 +0000,2025-12-15 12:00:00 +0000,2,Oversized Longsleeve Hoodie - Grey,365.0,RU02E1623-FW25P-50-BOSCO,0,fulfilled,680.0,10.0,136.0,826.0,50.0,0.0
#1289,,,2025-12-15 12:00:00 +0000,2025-12-15 12:00:00 +0000,2,Sport Uniform Skirt - Black,250.0,SPORT-SKIRT-BLK-M,0,fulfilled,,,,,,
#1289,,,2025-12-15 12:00:00 +0000,2025-12-15 12:00:00 +0000,1,Mens Jaya Evo Mules - Black,155.0,25M1501P-FW25P-43-BLACK,0,fulfilled,,,,,,
#1290,yheath@example.net,paid,2025-08-03 18:00:00 +0000,2025-08-03 18:00:00 +0000,1,Sport Uniform Skirt - Black,250.0,SPORT-SKIRT-BLK-M,0,fulfilled,200.0,10.0,40.0,250.0,50.0,0.0
#1290,,,2025-08-03 18:00:00 +0000,2025-08-03 18:00:00 +0000,2,Mens Jaya Evo Mules - Black,155.0,25M1501P-FW25P-43-BLACK,0,fulfilled,,,,,,
#1291,william24@example.org,paid,2025-12-06 13:00:00 +0000,2025-12-06 13:00:00 +0000,2,Oversized Longsleeve Hoodie - Grey,365.0,RU02E1623-FW25P-50-BOSCO,0,fulfilled,680.0,10.0,136.0,826.0,50.0,0.0
#1292,rosemarycrawford@example.com,paid,2025-05-12 16:00:00 +0000,2025-05-12 16:00:00 +0000,1,Oversized Longsleeve Hoodie - Grey,365.0,RU02E1623-FW25P-50-BOSCO,0,fulfilled,365.0,10.0,73.0,448.0,0.0,0.0
#1292,,,2025-05-12 16:00:00 +0000,2025-05-12 16:00:00 +0000,2,Hollywood Banana Longsleeve Tee,235.0,RU02E1262-FW25P-50-WASHE,0,fulfilled,,,,,,
#1293,banksjames@example.net,paid,2025-07-15 20:00:00 +0000,2025-07-15 20:00:00 +0000,2,Womens Performa Jane Evo - Beige,150.0,V-SS26P-26W2102PNAN-BEG,0,fulfilled,300.0,10.0,60.0,370.0,0.0,0.0
#1293,,,2025-07-15 20:00:00 +0000,2025-07-15 20:00:00 +0000,1,Mens Jaya Evo Mules - Black,155.0,25M1501P-FW25P-43-BLACK,0,fulfilled,,,,,,
#1293,,,2025-07-15 20:00:00 +0000,2025-07-15 20:00:00 +0000,1,Oversized Longsleeve Hoodie - Grey,365.0,RU02E1623-FW25P-50-BOSCO,0,fulfilled,,,,,,
#1294,paularobinson@example.org,paid,2026-01-01 11:00:00 +0000,2026-01-01 11:00:00 +0000,2,Womens Performa Jane Evo - Beige,150.0,V-SS26P-26W2102PNAN-BEG,0,fulfilled,300.0,10.0,60.0,370.0,0.0,0.0
#1295,rmurray@example.net,paid,2025-11-10 21:00:00 +0000,2025-11-10 21:00:00 +0000,1,Hollywood Banana Longsleeve Tee,235.0,RU02E1262-FW25P-50-WASHE,0,fulfilled,235.0,10.0,47.0,292.0,0.0,0.0
#1295,,,2025-11-10 21:00:00 +0000,2025-11-10 21:00:00 +0000,2,Oversized Longsleeve Hoodie - Grey,365.0,RU02E1623-FW25P-50-BOSCO,0,fulfilled,,,,,,
#1295,,,2025-11-10 21:00:00 +0000,2025-11-10 21:00:00 +0000,2,Womens Performa Jane Evo - Beige,150.0,V-SS26P-26W2102PNAN-BEG,0,fulfilled,,,,,,
#1296,blackgeraldine@example.com,paid,2025-06-26 11:00:00 +0000,2025-06-26 11:00:00 +0000,1,Womens Performa Jane Evo - Beige,150.0,V-SS26P-26W2102PNAN-BEG,0,fulfilled,150.0,10.0,30.0,190.0,0.0,0.0
#1296,,,2025-06-26 11:00:00 +0000,2025-06-26 11:00:00 +0000,2,Mens Jaya Evo Mules - Black,155.0,25M1501P-FW25P-43-BLACK,0,fulfilled,,,,,,
#1296,,,2025-06-26 11:00:00 +0000,2025-06-26 11:00:00 +0000,1,Hollywood Banana Longsleeve Tee,235.0,RU02E1262-FW25P-50-WASHE,0,fulfilled,,,,,,
#1297,xhughes@example.net,paid,2025-08-20 10:00:00 +0000,2025-08-20 10:00:00 +0000,2,Marmalade Candle - 175g,60.0,CANDLE-MARM-175,0,fulfilled,70.0,10.0,14.0,94.0,50.0,0.0
#1297,,,2025-08-20 10:00:00 +0000,2025-08-20 10:00:00 +0000,2,Oversized Longsleeve Hoodie - Grey,365.0,RU02E1623-FW25P-50-BOSCO,0,fulfilled,,,,,,
#1298,kingjoe@example.org,paid,2025-07-23 21:00:00 +0000,2025-07-23 21:00:00 +0000,1,Hollywood Banana Longsleeve Tee,235.0,RU02E1262-FW25P-50-WASHE,0,fulfilled,185.0,10.0,37.0,232.0,50.0,0.0
#1299,trevorbrooks@example.org,paid,2025-12-17 12:00:00 +0000,2025-12-17 12:00:00 +0000,2,Hollywood Banana Longsleeve Tee,235.0,RU02E1262-FW25P-50-WASHE,0,fulfilled,470.0,10.0,94.0,574.0,0.0,0.0
#1299,,,2025-12-17 12:00:00 +0000,2025-12-17 12:00:00 +0000,1,Sport Uniform Skirt - Black,250.0,SPORT-SKIRT-BLK-M,0,fulfilled,,,,,,
#1299,,,2025-12-17 12:00:00 +0000,2025-12-17 12:00:00 +0000,1,Marmalade Candle - 175g,60.0,CANDLE-MARM-175,0,fulfilled,,,,,,
#1300,colinjones@example.com,paid,2025-10-10 16:00:00 +0000,2025-10-10 16:00:00 +0000,2,Sport Uniform Skirt - Black,250.0,SPORT-SKIRT-BLK-M,0,fulfilled,450.0,10.0,90.0,550.0,50.0,0.0
#1300,,,2025-10-10 16:00:00 +0000,2025-10-10 16:00:00 +0000,2,Oversized Longsleeve Hoodie - Grey,365.0,RU02E1623-FW25P-50-BOSCO,0,fulfilled,,,,,,
#1300,,,2025-10-10 16:00:00 +0000,2025-10-10 16:00:00 +0000,2,Womens Performa Jane Evo - Beige,150.0,V-SS26P-26W2102PNAN-BEG,0,fulfilled,,,,,,
#1301,ibennett@example.net,paid,2025-08-26 11:00:00 +0000,2025-08-26 11:00:00 +0000,1,Sport Uniform Skirt - Black,250.0,SPORT-SKIRT-BLK-M,0,fulfilled,200.0,10.0,40.0,250.0,50.0,0.0
#1302,mturner@example.org,paid,2025-05-02 21:00:00 +0000,2025-05-02 21:00:00 +0000,2,Mens Jaya Evo Mules - Black,155.0,25M1501P-FW25P-43-BLACK,0,fulfilled,310.0,10.0,62.0,382.0,0.0,0.0
#1303,ameliajones@example.com,paid,2025-11-23 18:00:00 +0000,2025-11-23 18:00:00 +0000,1,Sport Uniform Skirt - Black,250.0,SPORT-SKIRT-BLK-M,0,fulfilled,250.0,10.0,50.0,310.0,0.0,0.0
#1303,,,2025-11-23 18:00:00 +0000,2025-11-23 18:00:00 +0000,2,Hollywood Banana Longsleeve Tee,235.0,RU02E1262-FW25P-50-WASHE,0,fulfilled,,,,,,
#1304,ssims@example.com,paid,2025-04-24 08:00:00 +0000,2025-04-24 08:00:00 +0000,1,Oversized Longsleeve Hoodie - Grey,365.0,RU02E1623-FW25P-50-BOSCO,0,fulfilled,365.0,10.0,73.0,448.0,0.0,0.0
#1304,,,2025-04-24 08:00:00 +0000,2025-04-24 08:00:00 +0000,1,Mens Jaya Evo Mules - Black,155.0,25M1501P-FW25P-43-BLACK,0,fulfilled,,,,,,
#1305,jamescooper@example.net,paid,2026-01-01 14:00:00 +0000,2026-01-01 14:00:00 +0000,2,Marmalade Candle - 175g,60.0,CANDLE-MARM-175,0,fulfilled,120.0,10.0,24.0,154.0,0.0,0.0
#1305,,,2026-01-01 14:00:00 +0000,2026-01-01 14:00:00 +0000,1,Womens Performa Jane Evo - Beige,150.0,V-SS26P-26W2102PNAN-BEG,0,fulfilled,,,,,,
#1306,cookjudith@example.net,paid,2025-07-19 13:00:00 +0000,2025-07-19 13:00:00 +0000,2,Oversized Longsleeve Hoodie - Grey,365.0,RU02E1623-FW25P-50-BOSCO,0,fulfilled,680.0,10.0,136.0,826.0,50.0,0.0
#1307,lucaspauline@example.com,paid,2025-08-14 11:00:00 +0000,2025-08-14 11:00:00 +0000,2,Marmalade Candle - 175g,60.0,CANDLE-MARM-175,0,fulfilled,120.0,10.0,24.0,154.0,0.0,0.0
#1308,chelsea34@example.org,paid,2025-07-24 09:00:00 +0000,2025-07-24 09:00:00 +0000,2,Marmalade Candle - 175g,60.0,CANDLE-MARM-175,0,fulfilled,120.0,10.0,24.0,154.0,0.0,0.0
#1308,,,2025-07-24 09:00:00 +0000,2025-07-24 09:00:00 +0000,1,Sport Uniform Skirt - Black,250.0,SPORT-SKIRT-BLK-M,0,fulfilled,,,,,,
#1309,peter53@example.com,paid,2025-09-03 08:00:00 +0000,2025-09-03 08:00:00 +0000,2,Oversized Longsleeve Hoodie - Grey,365.0,RU02E1623-FW25P-50-BOSCO,0,fulfilled,680.0,10.0,136.0,826.0,50.0,0.0
#1309,,,2025-09-03 08:00:00 +0000,2025-09-03 08:00:00 +0000,1,Mens Jaya Evo Mules - Black,155.0,25M1501P-FW25P-43-BLACK,0,fulfilled,,,,,,
#1310,stephenevans@example.org,paid,2025-06-17 13:00:00 +0000,2025-06-17 13:00:00 +0000,2,Hollywood Banana Longsleeve Tee,235.0,RU02E1262-FW25P-50-WASHE,0,fulfilled,470.0,10.0,94.0,574.0,0.0,0.0
#1310,,,2025-06-17 13:00:00 +0000,2025-06-17 13:00:00 +0000,2,Womens Performa Jane Evo - Beige,150.0,V-SS26P-26W2102PNAN-BEG,0,fulfilled,,,,,,
#1310,,,2025-06-17 13:00:00 +0000,2025-06-17 13:00:00 +0000,2,Oversized Longsleeve Hoodie - Grey,365.0,RU02E1623-FW25P-50-BOSCO,0,fulfilled,,,,,,
#1311,debra69@example.org,paid,2025-05-01 21:00:00 +0000,2025-05-01 21:00:00 +0000,1,Hollywood Banana Longsleeve Tee,235.0,RU02E1262-FW25P-50-WASHE,0,fulfilled,235.0,10.0,47.0,292.0,0.0,0.0
#1311,,,2025-05-01 21:00:00 +0000,2025-05-01 21:00:00 +0000,2,Womens Performa Jane Evo - Beige,150.0,V-SS26P-26W2102PNAN-BEG,0,fulfilled,,,,,,
#1311,,,2025-05-01 21:00:00 +0000,2025-05-01 21:00:00 +0000,2,Marmalade Candle - 175g,60.0,CANDLE-MARM-175,0,fulfilled,,,,,,
#1312,smitheleanor@example.com,paid,2025-02-21 17:00:00 +0000,2025-02-21 17:00:00 +0000,2,Mens Jaya Evo Mules - Black,155.0,25M1501P-FW25P-43-BLACK,0,fulfilled,310.0,10.0,62.0,382.0,0.0,0.0
#1313,liamtaylor@example.com,paid,2025-05-07 10:00:00 +0000,2025-05-07 10:00:00 +0000,1,Hollywood Banana Longsleeve Tee,235.0,RU02E1262-FW25P-50-WASHE,0,fulfilled,185.0,10.0,37.0,232.0,50.0,0.0
#1313,,,2025-05-07 10:00:00 +0000,2025-05-07 10:00:00 +0000,2,Mens Jaya Evo Mules - Black,155.0,25M1501P-FW25P-43-BLACK,0,fulfilled,,,,,,
#1314,mollyriley@example.net,paid,2025-11-11 16:00:00 +0000,2025-11-11 16:00:00 +0000,1,Womens Performa Jane Evo - Beige,150.0,V-SS26P-26W2102PNAN-BEG,0,fulfilled,150.0,10.0,30.0,190.0,0.0,0.0
#1315,oliviamurray@example.com,paid,2025-02-23 08:00:00 +0000,2025-02-23 08:00:00 +0000,2,Sport Uniform Skirt - Black,250.0,SPORT-SKIRT-BLK-M,0,fulfilled,450.0,10.0,90.0,550.0,50.0,0.0
#1315,,,2025-02-23 08:00:00 +0000,2025-02-23 08:00:00 +0000,1,Hollywood Banana Longsleeve Tee,235.0,RU02E1262-FW25P-50-WASHE,0,fulfilled,,,,,,
#1315,,,2025-02-23 08:00:00 +0000,2025-02-23 08:00:00 +0000,2,Oversized Longsleeve Hoodie - Grey,365.0,RU02E1623-FW25P-50-BOSCO,0,fulfilled,,,,,,
#1316,clarkevalerie@example.org,paid,2025-08-31 13:00:00 +0000,2025-08-31 13:00:00 +0000,2,Marmalade Candle - 175g,60.0,CANDLE-MARM-175,0,fulfilled,120.0,10.0,24.0,154.0,0.0,0.0
#1316,,,2025-08-31 13:00:00 +0000,2025-08-31 13:00:00 +0000,1,Hollywood Banana Longsleeve Tee,235.0,RU02E1262-FW25P-50-WASHE,0,fulfilled,,,,,,
#1316,,,2025-08-31 13:00:00 +0000,2025-08-31 13:00:00 +0000,1,Oversized Longsleeve Hoodie - Grey,365.0,RU02E1623-FW25P-50-BOSCO,0,fulfilled,,,,,,
#1317,kellygeorgina@example.org,paid,2025-07-11 08:00:00 +0000,2025-07-11 08:00:00 +0000,1,Oversized Longsleeve Hoodie - Grey,365.0,RU02E1623-FW25P-50-BOSCO,0,fulfilled,365.0,10.0,73.0,448.0,0.0,0.0
#1318,williamsoncaroline@example.org,paid,2025-09-16 19:00:00 +0000,2025-09-16 19:00:00 +0000,1,Hollywood Banana Longsleeve Tee,235.0,RU02E1262-FW25P-50-WASHE,0,fulfilled,185.0,10.0,37.0,232.0,50.0,0.0
#1318,,,2025-09-16 19:00:00 +0000,2025-09-16 19:00:00 +0000,2,Sport Uniform Skirt - Black,250.0,SPORT-SKIRT-BLK-M,0,fulfilled,,,,,,
#1319,hparker@example.com,paid,2025-03-23 16:00:00 +0000,2025-03-23 16:00:00 +0000,2,Marmalade Candle - 175g,60.0,CANDLE-MARM-175,0,fulfilled,70.0,10.0,14.0,94.0,50.0,0.0
#1319,,,2025-03-23 16:00:00 +0000,2025-03-23 16:00:00 +0000,2,Oversized Longsleeve Hoodie - Grey,365.0,RU02E1623-FW25P-50-BOSCO,0,fulfilled,,,,,,
#1320,frederick88@example.com,paid,2025-10-02 08:00:00 +0000,2025-10-02 08:00:00 +0000,1,Oversized Longsleeve Hoodie - Grey,365.0,RU02E1623-FW25P-50-BOSCO,0,fulfilled,365.0,10.0,73.0,448.0,0.0,0.0
#1321,cookabdul@example.net,paid,2025-01-29 19:00:00 +0000,2025-01-29 19:00:00 +0000,2,Hollywood Banana Longsleeve Tee,235.0,RU02E1262-FW25P-50-WASHE,0,fulfilled,470.0,10.0,94.0,574.0,0.0,0.0
#1321,,,2025-01-29 19:00:00 +0000,2025-01-29 19:00:00 +0000,2,Sport Uniform Skirt - Black,250.0,SPORT-SKIRT-BLK-M,0,fulfilled,,,,,,
#1321,,,2025-01-29 19:00:00 +0000,2025-01-29 19:00:00 +0000,2,Womens Performa Jane Evo - Beige,150.0,V-SS26P-26W2102PNAN-BEG,0,fulfilled,,,,,,
#1322,fmorgan@example.com,paid,2025-04-20 22:00:00 +0000,2025-04-20 22:00:00 +0000,1,Mens Jaya Evo Mules - Black,155.0,25M1501P-FW25P-43-BLACK,0,fulfilled,105.0,10.0,21.0,136.0,50.0,0.0
#1323,bellkimberley@example.org,paid,2025-12-20 08:00:00 +0000,2025-12-20 08:00:00 +0000,1,Marmalade Candle - 175g,60.0,CANDLE-MARM-175,0,fulfilled,10.0,10.0,2.0,22.0,50.0,0.0
#1324,williamsondavid@example.com,paid,2025-11-15 15:00:00 +0000,2025-11-15 15:00:00 +0000,2,Womens Performa Jane Evo - Beige,150.0,V-SS26P-26W2102PNAN-BEG,0,fulfilled,300.0,10.0,60.0,370.0,0.0,0.0
#1324,,,2025-11-15 15:00:00 +0000,2025-11-15 15:00:00 +0000,2,Hollywood Banana Longsleeve Tee,235.0,RU02E1262-FW25P-50-WASHE,0,fulfilled,,,,,,
#1324,,,2025-11-15 15:00:00 +0000,2025-11-15 15:00:00 +0000,1,Sport Uniform Skirt - Black,250.0,SPORT-SKIRT-BLK-M,0,fulfilled,,,,,,
#1325,iain09@example.net,paid,2025-11-15 13:00:00 +0000,2025-11-15 13:00:00 +0000,2,Sport Uniform Skirt - Black,250.0,SPORT-SKIRT-BLK-M,0,fulfilled,500.0,10.0,100.0,610.0,0.0,0.0
#1325,,,2025-11-15 13:00:00 +0000,2025-11-15 13:00:00 +0000,1,Oversized Longsleeve Hoodie - Grey,365.0,RU02E1623-FW25P-50-BOSCO,0,fulfilled,,,,,,
#1325,,,2025-11-15 13:00:00 +0000,2025-11-15 13:00:00 +0000,1,Hollywood Banana Longsleeve Tee,235.0,RU02E1262-FW25P-50-WASHE,0,fulfilled,,,,,,
#1326,hmarsh@example.com,paid,2025-12-13 10:00:00 +0000,2025-12-13 10:00:00 +0000,2,Marmalade Candle - 175g,60.0,CANDLE-MARM-175,0,fulfilled,70.0,10.0,14.0,94.0,50.0,0.0
#1326,,,2025-12-13 10:00:00 +0000,2025-12-13 10:00:00 +0000,1,Mens Jaya Evo Mules - Black,155.0,25M1501P-FW25P-43-BLACK,0,fulfilled,,,,,,
#1326,,,2025-12-13 10:00:00 +0000,2025-12-13 10:00:00 +0000,1,Oversized Longsleeve Hoodie - Grey,365.0,RU02E1623-FW25P-50-BOSCO,0,fulfilled,,,,,,
#1327,doneill@example.org,paid,2025-06-12 17:00:00 +0000,2025-06-12 17:00:00 +0000,1,Womens Performa Jane Evo - Beige,150.0,V-SS26P-26W2102PNAN-BEG,0,fulfilled,100.0,10.0,20.0,130.0,50.0,0.0
#1327,,,2025-06-12 17:00:00 +0000,2025-06-12 17:00:00 +0000,1,Mens Jaya Evo Mules - Black,155.0,25M1501P-FW25P-43-BLACK,0,fulfilled,,,,,,
#1328,linda57@example.org,paid,2025-06-05 08:00:00 +0000,2025-06-05 08:00:00 +0000,2,Mens Jaya Evo Mules - Black,155.0,25M1501P-FW25P-43-BLACK,0,fulfilled,310.0,10.0,62.0,382.0,0.0,0.0
#1328,,,2025-06-05 08:00:00 +0000,2025-06-05 08:00:00 +0000,1,Oversized Longsleeve Hoodie - Grey,365.0,RU02E1623-FW25P-50-BOSCO,0,fulfilled,,,,,,
#1329,jennaclarke@example.org,paid,2025-09-03 12:00:00 +0000,2025-09-03 12:00:00 +0000,2,Marmalade Candle - 175g,60.0,CANDLE-MARM-175,0,fulfilled,120.0,10.0,24.0,154.0,0.0,0.0
#1329,,,2025-09-03 12:00:00 +0000,2025-09-03 12:00:00 +0000,2,Hollywood Banana Longsleeve Tee,235.0,RU02E1262-FW25P-50-WASHE,0,fulfilled,,,,,,
#1329,,,2025-09-03 12:00:00 +0000,2025-09-03 12:00:00 +0000,1,Mens Jaya Evo Mules - Black,155.0,25M1501P-FW25P-43-BLACK,0,fulfilled,,,,,,
#1330,wheelermichelle@example.org,paid,2025-11-24 12:00:00 +0000,2025-11-24 12:00:00 +0000,1,Hollywood Banana Longsleeve Tee,235.0,RU02E1262-FW25P-50-WASHE,0,fulfilled,235.0,10.0,47.0,292.0,0.0,0.0
#1331,wrees@example.org,paid,2025-01-11 14:00:00 +0000,2025-01-11 14:00:00 +0000,1,Sport Uniform Skirt - Black,250.0,SPORT-SKIRT-BLK-M,0,fulfilled,250.0,10.0,50.0,310.0,0.0,0.0
#1331,,,2025-01-11 14:00:00 +0000,2025-01-11 14:00:00 +0000,2,Mens Jaya Evo Mules - Black,155.0,25M1501P-FW25P-43-BLACK,0,fulfilled,,,,,,
#1332,jonesmolly@example.com,paid,2025-04-01 20:00:00 +0000,2025-04-01 20:00:00 +0000,2,Oversized Longsleeve Hoodie - Grey,365.0,RU02E1623-FW25P-50-BOSCO,0,fulfilled,680.0,10.0,136.0,826.0,50.0,0.0
#1332,,,2025-04-01 20:00:00 +0000,2025-04-01 20:00:00 +0000,2,Mens Jaya Evo Mules - Black,155.0,25M1501P-FW25P-43-BLACK,0,fulfilled,,,,,,
#1332,,,2025-04-01 20:00:00 +0000,2025-04-01 20:00:00 +0000,1,Marmalade Candle - 175g,60.0,CANDLE-MARM-175,0,fulfilled,,,,,,
#1333,roy85@example.net,paid,2025-08-17 20:00:00 +0000,2025-08-17 20:00:00 +0000,2,Oversized Longsleeve Hoodie - Grey,365.0,RU02E1623-FW25P-50-BOSCO,0,fulfilled,680.0,10.0,136.0,826.0,50.0,0.0
#1334,laura94@example.org,paid,2025-01-27 12:00:00 +0000,2025-01-27 12:00:00 +0000,2,Marmalade Candle - 175g,60.0,CANDLE-MARM-175,0,fulfilled,120.0,10.0,24.0,154.0,0.0,0.0
#1334,,,2025-01-27 12:00:00 +0000,2025-01-27 12:00:00 +0000,1,Oversized Longsleeve Hoodie - Grey,365.0,RU02E1623-FW25P-50-BOSCO,0,fulfilled,,,,,,
#1335,kathryn81@example.net,paid,2025-12-12 10:00:00 +0000,2025-12-12 10:00:00 +0000,2,Sport Uniform Skirt - Black,250.0,SPORT-SKIRT-BLK-M,0,fulfilled,450.0,10.0,90.0,550.0,50.0,0.0
#1335,,,2025-12-12 10:00:00 +0000,2025-12-12 10:00:00 +0000,2,Mens Jaya Evo Mules - Black,155.0,25M1501P-FW25P-43-BLACK,0,fulfilled,,,,,,
#1336,johnsonsamuel@example.org,paid,2025-05-24 13:00:00 +0000,2025-05-24 13:00:00 +0000,2,Hollywood Banana Longsleeve Tee,235.0,RU02E1262-FW25P-50-WASHE,0,fulfilled,420.0,10.0,84.0,514.0,50.0,0.0
#1336,,,2025-05-24 13:00:00 +0000,2025-05-24 13:00:00 +0000,2,Marmalade Candle - 175g,60.0,CANDLE-MARM-175,0,fulfilled,,,,,,
#1337,shirley29@example.org,paid,2025-12-09 09:00:00 +0000,2025-12-09 09:00:00 +0000,2,Hollywood Banana Longsleeve Tee,235.0,RU02E1262-FW25P-50-WASHE,0,fulfilled,470.0,10.0,94.0,574.0,0.0,0.0
#1337,,,2025-12-09 09:00:00 +0000,2025-12-09 09:00:00 +0000,2,Mens Jaya Evo Mules - Black,155.0,25M1501P-FW25P-43-BLACK,0,fulfilled,,,,,,
#1338,shane60@example.org,paid,2025-12-16 11:00:00 +0000,2025-12-16 11:00:00 +0000,1,Mens Jaya Evo Mules - Black,155.0,25M1501P-FW25P-43-BLACK,0,fulfilled,105.0,10.0,21.0,136.0,50.0,0.0
#1338,,,2025-12-16 11:00:00 +0000,2025-12-16 11:00:00 +0000,1,Oversized Longsleeve Hoodie - Grey,365.0,RU02E1623-FW25P-50-BOSCO,0,fulfilled,,,,,,
#1339,coatessean@example.com,paid,2025-02-10 22:00:00 +0000,2025-02-10 22:00:00 +0000,2,Womens Performa Jane Evo - Beige,150.0,V-SS26P-26W2102PNAN-BEG,0,fulfilled,250.0,10.0,50.0,310.0,50.0,0.0
#1340,ghyde@example.org,paid,2025-06-02 10:00:00 +0000,2025-06-02 10:00:00 +0000,2,Hollywood Banana Longsleeve Tee,235.0,RU02E1262-FW25P-50-WASHE,0,fulfilled,470.0,10.0,94.0,574.0,0.0,0.0
#1341,joycelloyd@example.org,paid,2025-02-23 11:00:00 +0000,2025-02-23 11:00:00 +0000,1,Womens Performa Jane Evo - Beige,150.0,V-SS26P-26W2102PNAN-BEG,0,fulfilled,100.0,10.0,20.0,130.0,50.0,0.0
#1342,dixonraymond@example.org,paid,2025-07-25 09:00:00 +0000,2025-07-25 09:00:00 +0000,1,Marmalade Candle - 175g,60.0,CANDLE-MARM-175,0,fulfilled,60.0,10.0,12.0,82.0,0.0,0.0
#1342,,,2025-07-25 09:00:00 +0000,2025-07-25 09:00:00 +0000,2,Mens Jaya Evo Mules - Black,155.0,25M1501P-FW25P-43-BLACK,0,fulfilled,,,,,,
#1343,alexandersims@example.org,paid,2025-03-03 21:00:00 +0000,2025-03-03 21:00:00 +0000,2,Marmalade Candle - 175g,60.0,CANDLE-MARM-175,0,fulfilled,120.0,10.0,24.0,154.0,0.0,0.0
#1343,,,2025-03-03 21:00:00 +0000,2025-03-03 21:00:00 +0000,2,Oversized Longsleeve Hoodie - Grey,365.0,RU02E1623-FW25P-50-BOSCO,0,fulfilled,,,,,,
#1344,edwardscarol@example.com,paid,2025-03-28 22:00:00 +0000,2025-03-28 22:00:00 +0000,2,Sport Uniform Skirt - Black,250.0,SPORT-SKIRT-BLK-M,0,fulfilled,500.0,10.0,100.0,610.0,0.0,0.0
#1345,wscott@example.org,paid,2025-12-03 22:00:00 +0000,2025-12-03 22:00:00 +0000,2,Oversized Longsleeve Hoodie - Grey,365.0,RU02E1623-FW25P-50-BOSCO,0,fulfilled,680.0,10.0,136.0,826.0,50.0,0.0
#1345,,,2025-12-03 22:00:00 +0000,2025-12-03 22:00:00 +0000,2,Womens Performa Jane Evo - Beige,150.0,V-SS26P-26W2102PNAN-BEG,0,fulfilled,,,,,,
#1345,,,2025-12-03 22:00:00 +0000,2025-12-03 22:00:00 +0000,1,Marmalade Candle - 175g,60.0,CANDLE-MARM-175,0,fulfilled,,,,,,
#1346,turnerdean@example.com,paid,2025-03-03 08:00:00 +0000,2025-03-03 08:00:00 +0000,1,Hollywood Banana Longsleeve Tee,235.0,RU02E1262-FW25P-50-WASHE,0,fulfilled,235.0,10.0,47.0,292.0,0.0,0.0
#1346,,,2025-03-03 08:00:00 +0000,2025-03-03 08:00:00 +0000,1,Sport Uniform Skirt - Black,250.0,SPORT-SKIRT-BLK-M,0,fulfilled,,,,,,
#1347,hudsonmarcus@example.net,paid,2025-02-23 17:00:00 +0000,2025-02-23 17:00:00 +0000,2,Marmalade Candle - 175g,60.0,CANDLE-MARM-175,0,fulfilled,120.0,10.0,24.0,154.0,0.0,0.0
#1347,,,2025-02-23 17:00:00 +0000,2025-02-23 17:00:00 +0000,2,Mens Jaya Evo Mules - Black,155.0,25M1501P-FW25P-43-BLACK,0,fulfilled,,,,,,
#1347,,,2025-02-23 17:00:00 +0000,2025-02-23 17:00:00 +0000,2,Womens Performa Jane Evo - Beige,150.0,V-SS26P-26W2102PNAN-BEG,0,fulfilled,,,,,,
#1348,gillandrew@example.com,paid,2025-12-13 21:00:00 +0000,2025-12-13 21:00:00 +0000,1,Marmalade Candle - 175g,60.0,CANDLE-MARM-175,0,fulfilled,60.0,10.0,12.0,82.0,0.0,0.0
#1348,,,2025-12-13 21:00:00 +0000,2025-12-13 21:00:00 +0000,1,Mens Jaya Evo Mules - Black,155.0,25M1501P-FW25P-43-BLACK,0,fulfilled,,,,,,
#1349,jamesbrandon@example.net,paid,2025-09-19 16:00:00 +0000,2025-09-19 16:00:00 +0000,2,Oversized Longsleeve Hoodie - Grey,365.0,RU02E1623-FW25P-50-BOSCO,0,fulfilled,730.0,10.0,146.0,886.0,0.0,0.0
#1349,,,2025-09-19 16:00:00 +0000,2025-09-19 16:00:00 +0000,2,Sport Uniform Skirt - Black,250.0,SPORT-SKIRT-BLK-M,0,fulfilled,,,,,,
#1350,ishaw@example.org,paid,2025-08-18 14:00:00 +0000,2025-08-18 14:00:00 +0000,2,Marmalade Candle - 175g,60.0,CANDLE-MARM-175,0,fulfilled,120.0,10.0,24.0,154.0,0.0,0.0
#1350,,,2025-08-18 14:00:00 +0000,2025-08-18 14:00:00 +0000,1,Womens Performa Jane Evo - Beige,150.0,V-SS26P-26W2102PNAN-BEG,0,fulfilled,,,,,,
#1351,karenwatkins@example.org,paid,2025-11-04 14:00:00 +0000,2025-11-04 14:00:00 +0000,2,Mens Jaya Evo Mules - Black,155.0,25M1501P-FW25P-43-BLACK,0,fulfilled,260.0,10.0,52.0,322.0,50.0,0.0
#1351,,,2025-11-04 14:00:00 +0000,2025-11-04 14:00:00 +0000,2,Sport Uniform Skirt - Black,250.0,SPORT-SKIRT-BLK-M,0,fulfilled,,,,,,
#1352,callumwest@example.net,paid,2025-03-29 09:00:00 +0000,2025-03-29 09:00:00 +0000,1,Oversized Longsleeve Hoodie - Grey,365.0,RU02E1623-FW25P-50-BOSCO,0,fulfilled,315.0,10.0,63.0,388.0,50.0,0.0
#1352,,,2025-03-29 09:00:00 +0000,2025-03-29 09:00:00 +0000,2,Hollywood Banana Longsleeve Tee,235.0,RU02E1262-FW25P-50-WASHE,0,fulfilled,,,,,,
#1352,,,2025-03-29 09:00:00 +0000,2025-03-29 09:00:00 +0000,1,Mens Jaya Evo Mules - Black,155.0,25M1501P-FW25P-43-BLACK,0,fulfilled,,,,,,
#1353,parkinchristian@example.org,paid,2025-10-10 18:00:00 +0000,2025-10-10 18:00:00 +0000,2,Hollywood Banana Longsleeve Tee,235.0,RU02E1262-FW25P-50-WASHE,0,fulfilled,470.0,10.0,94.0,574.0,0.0,0.0
#1354,glyons@example.net,paid,2025-02-13 21:00:00 +0000,2025-02-13 21:00:00 +0000,1,Mens Jaya Evo Mules - Black,155.0,25M1501P-FW25P-43-BLACK,0,fulfilled,155.0,10.0,31.0,196.0,0.0,0.0
#1354,,,2025-02-13 21:00:00 +0000,2025-02-13 21:00:00 +0000,2,Sport Uniform Skirt - Black,250.0,SPORT-SKIRT-BLK-M,0,fulfilled,,,,,,
#1355,thompsoncraig@example.org,paid,2025-06-16 22:00:00 +0000,2025-06-16 22:00:00 +0000,2,Oversized Longsleeve Hoodie - Grey,365.0,RU02E1623-FW25P-50-BOSCO,0,fulfilled,680.0,10.0,136.0,826.0,50.0,0.0
#1356,ajenkins@example.net,paid,2025-12-25 15:00:00 +0000,2025-12-25 15:00:00 +0000,1,Sport Uniform Skirt - Black,250.0,SPORT-SKIRT-BLK-M,0,fulfilled,200.0,10.0,40.0,250.0,50.0,0.0
#1357,howardclark@example.org,paid,2025-10-29 12:00:00 +0000,2025-10-29 12:00:00 +0000,2,Womens Performa Jane Evo - Beige,150.0,V-SS26P-26W2102PNAN-BEG,0,fulfilled,300.0,10.0,60.0,370.0,0.0,0.0
#1358,lisa32@example.net,paid,2025-04-17 17:00:00 +0000,2025-04-17 17:00:00 +0000,2,Marmalade Candle - 175g,60.0,CANDLE-MARM-175,0,fulfilled,70.0,10.0,14.0,94.0,50.0,0.0
#1358,,,2025-04-17 17:00:00 +0000,2025-04-17 17:00:00 +0000,2,Oversized Longsleeve Hoodie - Grey,365.0,RU02E1623-FW25P-50-BOSCO,0,fulfilled,,,,,,
#1358,,,2025-04-17 17:00:00 +0000,2025-04-17 17:00:00 +0000,2,Mens Jaya Evo Mules - Black,155.0,25M1501P-FW25P-43-BLACK,0,fulfilled,,,,,,
#1359,holmesmargaret@example.org,paid,2025-05-30 17:00:00 +0000,2025-05-30 17:00:00 +0000,1,Marmalade Candle - 175g,60.0,CANDLE-MARM-175,0,fulfilled,60.0,10.0,12.0,82.0,0.0,0.0
#1359,,,2025-05-30 17:00:00 +0000,2025-05-30 17:00:00 +0000,1,Oversized Longsleeve Hoodie - Grey,365.0,RU02E1623-FW25P-50-BOSCO,0,fulfilled,,,,,,
#1360,ben68@example.org,paid,2025-03-30 15:00:00 +0000,2025-03-30 15:00:00 +0000,1,Hollywood Banana Longsleeve Tee,235.0,RU02E1262-FW25P-50-WASHE,0,fulfilled,185.0,10.0,37.0,232.0,50.0,0.0
#1360,,,2025-03-30 15:00:00 +0000,2025-03-30 15:00:00 +0000,1,Sport Uniform Skirt - Black,250.0,SPORT-SKIRT-BLK-M,0,fulfilled,,,,,,
#1361,cyoung@example.com,paid,2025-08-08 13:00:00 +0000,2025-08-08 13:00:00 +0000,1,Oversized Longsleeve Hoodie - Grey,365.0,RU02E1623-FW25P-50-BOSCO,0,fulfilled,365.0,10.0,73.0,448.0,0.0,0.0
#1361,,,2025-08-08 13:00:00 +0000,2025-08-08 13:00:00 +0000,1,Sport Uniform Skirt - Black,250.0,SPORT-SKIRT-BLK-M,0,fulfilled,,,,,,
#1361,,,2025-08-08 13:00:00 +0000,2025-08-08 13:00:00 +0000,1,Mens Jaya Evo Mules - Black,155.0,25M1501P-FW25P-43-BLACK,0,fulfilled,,,,,,
#1362,stephanie37@example.org,paid,2025-01-29 09:00:00 +0000,2025-01-29 09:00:00 +0000,1,Sport Uniform Skirt - Black,250.0,SPORT-SKIRT-BLK-M,0,fulfilled,200.0,10.0,40.0,250.0,50.0,0.0
#1363,singhgavin@example.com,paid,2025-05-28 08:00:00 +0000,2025-05-28 08:00:00 +0000,1,Womens Performa Jane Evo - Beige,150.0,V-SS26P-26W2102PNAN-BEG,0,fulfilled,150.0,10.0,30.0,190.0,0.0,0.0
#1363,,,2025-05-28 08:00:00 +0000,2025-05-28 08:00:00 +0000,1,Oversized Longsleeve Hoodie - Grey,365.0,RU02E1623-FW25P-50-BOSCO,0,fulfilled,,,,,,
#1363,,,2025-05-28 08:00:00 +0000,2025-05-28 08:00:00 +0000,2,Sport Uniform Skirt - Black,250.0,SPORT-SKIRT-BLK-M,0,fulfilled,,,,,,
#1364,sylvia45@example.net,paid,2025-01-25 22:00:00 +0000,2025-01-25 22:00:00 +0000,1,Sport Uniform Skirt - Black,250.0,SPORT-SKIRT-BLK-M,0,fulfilled,250.0,10.0,50.0,310.0,0.0,0.0
#1365,idavies@example.org,paid,2025-08-22 20:00:00 +0000,2025-08-22 20:00:00 +0000,1,Oversized Longsleeve Hoodie - Grey,365.0,RU02E1623-FW25P-50-BOSCO,0,fulfilled,365.0,10.0,73.0,448.0,0.0,0.0
#1365,,,2025-08-22 20:00:00 +0000,2025-08-22 20:00:00 +0000,2,Womens Performa Jane Evo - Beige,150.0,V-SS26P-26W2102PNAN-BEG,0,fulfilled,,,,,,
#1365,,,2025-08-22 20:00:00 +0000,2025-08-22 20:00:00 +0000,2,Mens Jaya Evo Mules - Black,155.0,25M1501P-FW25P-43-BLACK,0,fulfilled,,,,,,
#1366,imoran@example.net,paid,2025-09-18 17:00:00 +0000,2025-09-18 17:00:00 +0000,1,Hollywood Banana Longsleeve Tee,235.0,RU02E1262-FW25P-50-WASHE,0,fulfilled,235.0,10.0,47.0,292.0,0.0,0.0
#1366,,,2025-09-18 17:00:00 +0000,2025-09-18 17:00:00 +0000,2,Mens Jaya Evo Mules - Black,155.0,25M1501P-FW25P-43-BLACK,0,fulfilled,,,,,,
#1367,seanbray@example.com,paid,2025-06-01 16:00:00 +0000,2025-06-01 16:00:00 +0000,1,Oversized Longsleeve Hoodie - Grey,365.0,RU02E1623-FW25P-50-BOSCO,0,fulfilled,365.0,10.0,73.0,448.0,0.0,0.0
#1367,,,2025-06-01 16:00:00 +0000,2025-06-01 16:00:00 +0000,1,Sport Uniform Skirt - Black,250.0,SPORT-SKIRT-BLK-M,0,fulfilled,,,,,,
#1368,steven35@example.org,paid,2025-11-30 08:00:00 +0000,2025-11-30 08:00:00 +0000,1,Mens Jaya Evo Mules - Black,155.0,25M1501P-FW25P-43-BLACK,0,fulfilled,155.0,10.0,31.0,196.0,0.0,0.0
#1368,,,2025-11-30 08:00:00 +0000,2025-11-30 08:00:00 +0000,2,Oversized Longsleeve Hoodie - Grey,365.0,RU02E1623-FW25P-50-BOSCO,0,fulfilled,,,,,,
#1368,,,2025-11-30 08:00:00 +0000,2025-11-30 08:00:00 +0000,2,Womens Performa Jane Evo - Beige,150.0,V-SS26P-26W2102PNAN-BEG,0,fulfilled,,,,,,
#1369,lbarker@example.org,paid,2025-01-07 22:00:00 +0000,2025-01-07 22:00:00 +0000,2,Marmalade Candle - 175g,60.0,CANDLE-MARM-175,0,fulfilled,70.0,10.0,14.0,94.0,50.0,0.0
#1369,,,2025-01-07 22:00:00 +0000,2025-01-07 22:00:00 +0000,1,Sport Uniform Skirt - Black,250.0,SPORT-SKIRT-BLK-M,0,fulfilled,,,,,,
#1369,,,2025-01-07 22:00:00 +0000,2025-01-07 22:00:00 +0000,2,Hollywood Banana Longsleeve Tee,235.0,RU02E1262-FW25P-50-WASHE,0,fulfilled,,,,,,
#1370,ejones@example.net,paid,2025-12-16 18:00:00 +0000,2025-12-16 18:00:00 +0000,1,Sport Uniform Skirt - Black,250.0,SPORT-SKIRT-BLK-M,0,fulfilled,250.0,10.0,50.0,310.0,0.0,0.0
#1370,,,2025-12-16 18:00:00 +0000,2025-12-16 18:00:00 +0000,2,Mens Jaya Evo Mules - Black,155.0,25M1501P-FW25P-43-BLACK,0,fulfilled,,,,,,
#1371,valerie73@example.com,paid,2025-11-25 13:00:00 +0000,2025-11-25 13:00:00 +0000,1,Womens Performa Jane Evo - Beige,150.0,V-SS26P-26W2102PNAN-BEG,0,fulfilled,150.0,10.0,30.0,190.0,0.0,0.0
#1371,,,2025-11-25 13:00:00 +0000,2025-11-25 13:00:00 +0000,2,Mens Jaya Evo Mules - Black,155.0,25M1501P-FW25P-43-BLACK,0,fulfilled,,,,,,
#1372,myersjacob@example.net,paid,2025-12-09 12:00:00 +0000,2025-12-09 12:00:00 +0000,1,Oversized Longsleeve Hoodie - Grey,365.0,RU02E1623-FW25P-50-BOSCO,0,fulfilled,365.0,10.0,73.0,448.0,0.0,0.0
#1372,,,2025-12-09 12:00:00 +0000,2025-12-09 12:00:00 +0000,1,Hollywood Banana Longsleeve Tee,235.0,RU02E1262-FW25P-50-WASHE,0,fulfilled,,,,,,
#1373,rachel76@example.com,paid,2025-05-23 19:00:00 +0000,2025-05-23 19:00:00 +0000,1,Womens Performa Jane Evo - Beige,150.0,V-SS26P-26W2102PNAN-BEG,0,fulfilled,150.0,10.0,30.0,190.0,0.0,0.0
#1374,robsonfrancis@example.org,paid,2025-10-29 13:00:00 +0000,2025-10-29 13:00:00 +0000,1,Hollywood Banana Longsleeve Tee,235.0,RU02E1262-FW25P-50-WASHE,0,fulfilled,235.0,10.0,47.0,292.0,0.0,0.0
#1375,wardtina@example.net,paid,2025-03-02 19:00:00 +0000,2025-03-02 19:00:00 +0000,1,Sport Uniform Skirt - Black,250.0,SPORT-SKIRT-BLK-M,0,fulfilled,250.0,10.0,50.0,310.0,0.0,0.0
#1375,,,2025-03-02 19:00:00 +0000,2025-03-02 19:00:00 +0000,2,Hollywood Banana Longsleeve Tee,235.0,RU02E1262-FW25P-50-WASHE,0,fulfilled,,,,,,
#1375,,,2025-03-02 19:00:00 +0000,2025-03-02 19:00:00 +0000,1,Womens Performa Jane Evo - Beige,150.0,V-SS26P-26W2102PNAN-BEG,0,fulfilled,,,,,,
#1376,carolyn77@example.net,paid,2025-06-07 18:00:00 +0000,2025-06-07 18:00:00 +0000,2,Hollywood Banana Longsleeve Tee,235.0,RU02E1262-FW25P-50-WASHE,0,fulfilled,470.0,10.0,94.0,574.0,0.0,0.0
#1376,,,2025-06-07 18:00:00 +0000,2025-06-07 18:00:00 +0000,1,Mens Jaya Evo Mules - Black,155.0,25M1501P-FW25P-43-BLACK,0,fulfilled,,,,,,
#1376,,,2025-06-07 18:00:00 +0000,2025-06-07 18:00:00 +0000,2,Oversized Longsleeve Hoodie - Grey,365.0,RU02E1623-FW25P-50-BOSCO,0,fulfilled,,,,,,
#1377,esmith@example.net,paid,2025-10-13 09:00:00 +0000,2025-10-13 09:00:00 +0000,2,Mens Jaya Evo Mules - Black,155.0,25M1501P-FW25P-43-BLACK,0,fulfilled,260.0,10.0,52.0,322.0,50.0,0.0
#1377,,,2025-10-13 09:00:00 +0000,2025-10-13 09:00:00 +0000,2,Hollywood Banana Longsleeve Tee,235.0,RU02E1262-FW25P-50-WASHE,0,fulfilled,,,,,,
#1377,,,2025-10-13 09:00:00 +0000,2025-10-13 09:00:00 +0000,2,Womens Performa Jane Evo - Beige,150.0,V-SS26P-26W2102PNAN-BEG,0,fulfilled,,,,,,
#1378,colemanjean@example.com,paid,2025-09-22 10:00:00 +0000,2025-09-22 10:00:00 +0000,2,Mens Jaya Evo Mules - Black,155.0,25M1501P-FW25P-43-BLACK,0,fulfilled,260.0,10.0,52.0,322.0,50.0,0.0
#1378,,,2025-09-22 10:00:00 +0000,2025-09-22 10:00:00 +0000,2,Hollywood Banana Longsleeve Tee,235.0,RU02E1262-FW25P-50-WASHE,0,fulfilled,,,,,,
#1378,,,2025-09-22 10:00:00 +0000,2025-09-22 10:00:00 +0000,2,Sport Uniform Skirt - Black,250.0,SPORT-SKIRT-BLK-M,0,fulfilled,,,,,,
#1379,jayne15@example.net,paid,2025-11-16 10:00:00 +0000,2025-11-16 10:00:00 +0000,2,Mens Jaya Evo Mules - Black,155.0,25M1501P-FW25P-43-BLACK,0,fulfilled,310.0,10.0,62.0,382.0,0.0,0.0
#1380,houghtoncarol@example.com,paid,2025-04-09 13:00:00 +0000,2025-04-09 13:00:00 +0000,2,Oversized Longsleeve Hoodie - Grey,365.0,RU02E1623-FW25P-50-BOSCO,0,fulfilled,730.0,10.0,146.0,886.0,0.0,0.0
#1380,,,2025-04-09 13:00:00 +0000,2025-04-09 13:00:00 +0000,1,Sport Uniform Skirt - Black,250.0,SPORT-SKIRT-BLK-M,0,fulfilled,,,,,,
#1381,ejones@example.net,paid,2025-03-26 09:00:00 +0000,2025-03-26 09:00:00 +0000,1,Sport Uniform Skirt - Black,250.0,SPORT-SKIRT-BLK-M,0,fulfilled,200.0,10.0,40.0,250.0,50.0,0.0
#1382,timothymay@example.com,paid,2025-05-27 08:00:00 +0000,2025-05-27 08:00:00 +0000,1,Womens Performa Jane Evo - Beige,150.0,V-SS26P-26W2102PNAN-BEG,0,fulfilled,150.0,10.0,30.0,190.0,0.0,0.0
#1382,,,2025-05-27 08:00:00 +0000,2025-05-27 08:00:00 +0000,2,Mens Jaya Evo Mules - Black,155.0,25M1501P-FW25P-43-BLACK,0,fulfilled,,,,,,
#1382,,,2025-05-27 08:00:00 +0000,2025-05-27 08:00:00 +0000,2,Oversized Longsleeve Hoodie - Grey,365.0,RU02E1623-FW25P-50-BOSCO,0,fulfilled,,,,,,
#1383,abdulnorris@example.com,paid,2025-05-02 08:00:00 +0000,2025-05-02 08:00:00 +0000,2,Marmalade Candle - 175g,60.0,CANDLE-MARM-175,0,fulfilled,70.0,10.0,14.0,94.0,50.0,0.0
#1384,daveykelly@example.net,paid,2025-06-14 13:00:00 +0000,2025-06-14 13:00:00 +0000,2,Hollywood Banana Longsleeve Tee,235.0,RU02E1262-FW25P-50-WASHE,0,fulfilled,470.0,10.0,94.0,574.0,0.0,0.0
#1384,,,2025-06-14 13:00:00 +0000,2025-06-14 13:00:00 +0000,1,Oversized Longsleeve Hoodie - Grey,365.0,RU02E1623-FW25P-50-BOSCO,0,fulfilled,,,,,,
#1384,,,2025-06-14 13:00:00 +0000,2025-06-14 13:00:00 +0000,2,Sport Uniform Skirt - Black,250.0,SPORT-SKIRT-BLK-M,0,fulfilled,,,,,,
#1385,greenrosie@example.com,paid,2025-03-24 12:00:00 +0000,2025-03-24 12:00:00 +0000,1,Mens Jaya Evo Mules - Black,155.0,25M1501P-FW25P-43-BLACK,0,fulfilled,155.0,10.0,31.0,196.0,0.0,0.0
#1385,,,2025-03-24 12:00:00 +0000,2025-03-24 12:00:00 +0000,2,Sport Uniform Skirt - Black,250.0,SPORT-SKIRT-BLK-M,0,fulfilled,,,,,,
#1386,carly03@example.com,paid,2025-11-08 16:00:00 +0000,2025-11-08 16:00:00 +0000,1,Mens Jaya Evo Mules - Black,155.0,25M1501P-FW25P-43-BLACK,0,fulfilled,105.0,10.0,21.0,136.0,50.0,0.0
#1386,,,2025-11-08 16:00:00 +0000,2025-11-08 16:00:00 +0000,1,Marmalade Candle - 175g,60.0,CANDLE-MARM-175,0,fulfilled,,,,,,
#1386,,,2025-11-08 16:00:00 +0000,2025-11-08 16:00:00 +0000,1,Sport Uniform Skirt - Black,250.0,SPORT-SKIRT-BLK-M,0,fulfilled,,,,,,
#1387,stevenshugh@example.net,paid,2025-04-02 09:00:00 +0000,2025-04-02 09:00:00 +0000,1,Mens Jaya Evo Mules - Black,155.0,25M1501P-FW25P-43-BLACK,0,fulfilled,105.0,10.0,21.0,136.0,50.0,0.0
#1388,luke63@example.net,paid,2025-09-18 14:00:00 +0000,2025-09-18 14:00:00 +0000,1,Oversized Longsleeve Hoodie - Grey,365.0,RU02E1623-FW25P-50-BOSCO,0,fulfilled,315.0,10.0,63.0,388.0,50.0,0.0
#1389,hallabigail@example.org,paid,2025-05-25 12:00:00 +0000,2025-05-25 12:00:00 +0000,2,Marmalade Candle - 175g,60.0,CANDLE-MARM-175,0,fulfilled,120.0,10.0,24.0,154.0,0.0,0.0
#1389,,,2025-05-25 12:00:00 +0000,2025-05-25 12:00:00 +0000,2,Oversized Longsleeve Hoodie - Grey,365.0,RU02E1623-FW25P-50-BOSCO,0,fulfilled,,,,,,
#1390,rickybooth@example.com,paid,2025-12-29 08:00:00 +0000,2025-12-29 08:00:00 +0000,2,Hollywood Banana Longsleeve Tee,235.0,RU02E1262-FW25P-50-WASHE,0,fulfilled,470.0,10.0,94.0,574.0,0.0,0.0
#1391,khill@example.org,paid,2025-03-16 22:00:00 +0000,2025-03-16 22:00:00 +0000,2,Hollywood Banana Longsleeve Tee,235.0,RU02E1262-FW25P-50-WASHE,0,fulfilled,470.0,10.0,94.0,574.0,0.0,0.0
#1392,harry57@example.org,paid,2025-12-31 21:00:00 +0000,2025-12-31 21:00:00 +0000,1,Marmalade Candle - 175g,60.0,CANDLE-MARM-175,0,fulfilled,60.0,10.0,12.0,82.0,0.0,0.0
#1392,,,2025-12-31 21:00:00 +0000,2025-12-31 21:00:00 +0000,2,Womens Performa Jane Evo - Beige,150.0,V-SS26P-26W2102PNAN-BEG,0,fulfilled,,,,,,
#1393,kirbymarie@example.com,paid,2025-10-04 09:00:00 +0000,2025-10-04 09:00:00 +0000,1,Oversized Longsleeve Hoodie - Grey,365.0,RU02E1623-FW25P-50-BOSCO,0,fulfilled,365.0,10.0,73.0,448.0,0.0,0.0
#1394,wendy28@example.org,paid,2025-08-08 22:00:00 +0000,2025-08-08 22:00:00 +0000,1,Womens Performa Jane Evo - Beige,150.0,V-SS26P-26W2102PNAN-BEG,0,fulfilled,150.0,10.0,30.0,190.0,0.0,0.0
#1394,,,2025-08-08 22:00:00 +0000,2025-08-08 22:00:00 +0000,1,Sport Uniform Skirt - Black,250.0,SPORT-SKIRT-BLK-M,0,fulfilled,,,,,,
#1394,,,2025-08-08 22:00:00 +0000,2025-08-08 22:00:00 +0000,1,Hollywood Banana Longsleeve Tee,235.0,RU02E1262-FW25P-50-WASHE,0,fulfilled,,,,,,
#1395,slaterchristian@example.net,paid,2025-04-12 13:00:00 +0000,2025-04-12 13:00:00 +0000,1,Mens Jaya Evo Mules - Black,155.0,25M1501P-FW25P-43-BLACK,0,fulfilled,155.0,10.0,31.0,196.0,0.0,0.0
#1396,leahmiller@example.com,paid,2025-09-09 13:00:00 +0000,2025-09-09 13:00:00 +0000,1,Marmalade Candle - 175g,60.0,CANDLE-MARM-175,0,fulfilled,60.0,10.0,12.0,82.0,0.0,0.0
#1396,,,2025-09-09 13:00:00 +0000,2025-09-09 13:00:00 +0000,2,Sport Uniform Skirt - Black,250.0,SPORT-SKIRT-BLK-M,0,fulfilled,,,,,,
#1397,danielmorgan@example.com,paid,2025-03-15 14:00:00 +0000,2025-03-15 14:00:00 +0000,1,Womens Performa Jane Evo - Beige,150.0,V-SS26P-26W2102PNAN-BEG,0,fulfilled,150.0,10.0,30.0,190.0,0.0,0.0
#1398,williamslewis@example.org,paid,2025-06-10 13:00:00 +0000,2025-06-10 13:00:00 +0000,2,Marmalade Candle - 175g,60.0,CANDLE-MARM-175,0,fulfilled,120.0,10.0,24.0,154.0,0.0,0.0
#1398,,,2025-06-10 13:00:00 +0000,2025-06-10 13:00:00 +0000,2,Oversized Longsleeve Hoodie - Grey,365.0,RU02E1623-FW25P-50-BOSCO,0,fulfilled,,,,,,
#1399,stanley32@example.org,paid,2025-03-31 15:00:00 +0000,2025-03-31 15:00:00 +0000,1,Marmalade Candle - 175g,60.0,CANDLE-MARM-175,0,fulfilled,60.0,10.0,12.0,82.0,0.0,0.0
#1400,leachpaul@example.org,paid,2025-01-25 08:00:00 +0000,2025-01-25 08:00:00 +0000,1,Mens Jaya Evo Mules - Black,155.0,25M1501P-FW25P-43-BLACK,0,fulfilled,155.0,10.0,31.0,196.0,0.0,0.0
#1400,,,2025-01-25 08:00:00 +0000,2025-01-25 08:00:00 +0000,2,Oversized Longsleeve Hoodie - Grey,365.0,RU02E1623-FW25P-50-BOSCO,0,fulfilled,,,,,,
#1401,emma28@example.net,paid,2025-11-24 08:00:00 +0000,2025-11-24 08:00:00 +0000,2,Marmalade Candle - 175g,60.0,CANDLE-MARM-175,0,fulfilled,70.0,10.0,14.0,94.0,50.0,0.0
#1401,,,2025-11-24 08:00:00 +0000,2025-11-24 08:00:00 +0000,2,Hollywood Banana Longsleeve Tee,235.0,RU02E1262-FW25P-50-WASHE,0,fulfilled,,,,,,
#1402,louisewilliamson@example.org,paid,2025-08-13 09:00:00 +0000,2025-08-13 09:00:00 +0000,2,Mens Jaya Evo Mules - Black,155.0,25M1501P-FW25P-43-BLACK,0,fulfilled,310.0,10.0,62.0,382.0,0.0,0.0
#1402,,,2025-08-13 09:00:00 +0000,2025-08-13 09:00:00 +0000,1,Oversized Longsleeve Hoodie - Grey,365.0,RU02E1623-FW25P-50-BOSCO,0,fulfilled,,,,,,
#1402,,,2025-08-13 09:00:00 +0000,2025-08-13 09:00:00 +0000,2,Marmalade Candle - 175g,60.0,CANDLE-MARM-175,0,fulfilled,,,,,,
#1403,colemathew@example.com,paid,2025-07-28 17:00:00 +0000,2025-07-28 17:00:00 +0000,1,Marmalade Candle - 175g,60.0,CANDLE-MARM-175,0,fulfilled,60.0,10.0,12.0,82.0,0.0,0.0
#1403,,,2025-07-28 17:00:00 +0000,2025-07-28 17:00:00 +0000,1,Mens Jaya Evo Mules - Black,155.0,25M1501P-FW25P-43-BLACK,0,fulfilled,,,,,,
#1404,valerie67@example.org,paid,2025-12-31 14:00:00 +0000,2025-12-31 14:00:00 +0000,1,Marmalade Candle - 175g,60.0,CANDLE-MARM-175,0,fulfilled,10.0,10.0,2.0,22.0,50.0,0.0
#1404,,,2025-12-31 14:00:00 +0000,2025-12-31 14:00:00 +0000,2,Sport Uniform Skirt - Black,250.0,SPORT-SKIRT-BLK-M,0,fulfilled,,,,,,
#1405,lynne24@example.com,paid,2025-01-26 18:00:00 +0000,2025-01-26 18:00:00 +0000,1,Marmalade Candle - 175g,60.0,CANDLE-MARM-175,0,fulfilled,10.0,10.0,2.0,22.0,50.0,0.0
#1406,robinsonlesley@example.org,paid,2025-07-27 17:00:00 +0000,2025-07-27 17:00:00 +0000,2,Sport Uniform Skirt - Black,250.0,SPORT-SKIRT-BLK-M,0,fulfilled,450.0,10.0,90.0,550.0,50.0,0.0
#1406,,,2025-07-27 17:00:00 +0000,2025-07-27 17:00:00 +0000,2,Marmalade Candle - 175g,60.0,CANDLE-MARM-175,0,fulfilled,,,,,,
#1406,,,2025-07-27 17:00:00 +0000,2025-07-27 17:00:00 +0000,2,Mens Jaya Evo Mules - Black,155.0,25M1501P-FW25P-43-BLACK,0,fulfilled,,,,,,
#1407,emily77@example.com,paid,2025-12-01 16:00:00 +0000,2025-12-01 16:00:00 +0000,1,Sport Uniform Skirt - Black,250.0,SPORT-SKIRT-BLK-M,0,fulfilled,200.0,10.0,40.0,250.0,50.0,0.0
#1407,,,2025-12-01 16:00:00 +0000,2025-12-01 16:00:00 +0000,2,Marmalade Candle - 175g,60.0,CANDLE-MARM-175,0,fulfilled,,,,,,
#1408,daviesnicholas@example.net,paid,2025-07-04 14:00:00 +0000,2025-07-04 14:00:00 +0000,1,Hollywood Banana Longsleeve Tee,235.0,RU02E1262-FW25P-50-WASHE,0,fulfilled,235.0,10.0,47.0,292.0,0.0,0.0
#1409,bennettsean@example.com,paid,2025-06-01 22:00:00 +0000,2025-06-01 22:00:00 +0000,1,Oversized Longsleeve Hoodie - Grey,365.0,RU02E1623-FW25P-50-BOSCO,0,fulfilled,365.0,10.0,73.0,448.0,0.0,0.0
#1409,,,2025-06-01 22:00:00 +0000,2025-06-01 22:00:00 +0000,1,Mens Jaya Evo Mules - Black,155.0,25M1501P-FW25P-43-BLACK,0,fulfilled,,,,,,
#1410,kirsty06@example.org,paid,2025-08-30 13:00:00 +0000,2025-08-30 13:00:00 +0000,1,Oversized Longsleeve Hoodie - Grey,365.0,RU02E1623-FW25P-50-BOSCO,0,fulfilled,365.0,10.0,73.0,448.0,0.0,0.0
#1411,henrybaker@example.com,paid,2025-02-03 12:00:00 +0000,2025-02-03 12:00:00 +0000,2,Womens Performa Jane Evo - Beige,150.0,V-SS26P-26W2102PNAN-BEG,0,fulfilled,300.0,10.0,60.0,370.0,0.0,0.0
#1412,kimsimpson@example.net,paid,2025-05-29 10:00:00 +0000,2025-05-29 10:00:00 +0000,2,Hollywood Banana Longsleeve Tee,235.0,RU02E1262-FW25P-50-WASHE,0,fulfilled,420.0,10.0,84.0,514.0,50.0,0.0
#1413,jwilliams@example.com,paid,2025-06-01 08:00:00 +0000,2025-06-01 08:00:00 +0000,2,Hollywood Banana Longsleeve Tee,235.0,RU02E1262-FW25P-50-WASHE,0,fulfilled,470.0,10.0,94.0,574.0,0.0,0.0
#1414,abigailwood@example.org,paid,2025-02-17 14:00:00 +0000,2025-02-17 14:00:00 +0000,1,Oversized Longsleeve Hoodie - Grey,365.0,RU02E1623-FW25P-50-BOSCO,0,fulfilled,365.0,10.0,73.0,448.0,0.0,0.0
#1415,harry09@example.net,paid,2025-03-08 09:00:00 +0000,2025-03-08 09:00:00 +0000,2,Mens Jaya Evo Mules - Black,155.0,25M1501P-FW25P-43-BLACK,0,fulfilled,310.0,10.0,62.0,382.0,0.0,0.0
#1416,macdonaldamelia@example.org,paid,2025-03-30 17:00:00 +0000,2025-03-30 17:00:00 +0000,1,Sport Uniform Skirt - Black,250.0,SPORT-SKIRT-BLK-M,0,fulfilled,250.0,10.0,50.0,310.0,0.0,0.0
#1417,maxprice@example.net,paid,2025-09-03 12:00:00 +0000,2025-09-03 12:00:00 +0000,1,Hollywood Banana Longsleeve Tee,235.0,RU02E1262-FW25P-50-WASHE,0,fulfilled,235.0,10.0,47.0,292.0,0.0,0.0
#1417,,,2025-09-03 12:00:00 +0000,2025-09-03 12:00:00 +0000,1,Marmalade Candle - 175g,60.0,CANDLE-MARM-175,0,fulfilled,,,,,,
#1417,,,2025-09-03 12:00:00 +0000,2025-09-03 12:00:00 +0000,1,Womens Performa Jane Evo - Beige,150.0,V-SS26P-26W2102PNAN-BEG,0,fulfilled,,,,,,
#1418,francesca51@example.net,paid,2025-12-11 11:00:00 +0000,2025-12-11 11:00:00 +0000,1,Mens Jaya Evo Mules - Black,155.0,25M1501P-FW25P-43-BLACK,0,fulfilled,155.0,10.0,31.0,196.0,0.0,0.0
#1419,ashley97@example.net,paid,2025-01-04 17:00:00 +0000,2025-01-04 17:00:00 +0000,2,Hollywood Banana Longsleeve Tee,235.0,RU02E1262-FW25P-50-WASHE,0,fulfilled,470.0,10.0,94.0,574.0,0.0,0.0
#1419,,,2025-01-04 17:00:00 +0000,2025-01-04 17:00:00 +0000,2,Marmalade Candle - 175g,60.0,CANDLE-MARM-175,0,fulfilled,,,,,,
#1420,pbull@example.com,paid,2025-08-23 15:00:00 +0000,2025-08-23 15:00:00 +0000,2,Oversized Longsleeve Hoodie - Grey,365.0,RU02E1623-FW25P-50-BOSCO,0,fulfilled,730.0,10.0,146.0,886.0,0.0,0.0
#1421,george54@example.com,paid,2025-08-10 11:00:00 +0000,2025-08-10 11:00:00 +0000,1,Marmalade Candle - 175g,60.0,CANDLE-MARM-175,0,fulfilled,60.0,10.0,12.0,82.0,0.0,0.0
#1422,dannyjames@example.net,paid,2025-01-20 13:00:00 +0000,2025-01-20 13:00:00 +0000,2,Marmalade Candle - 175g,60.0,CANDLE-MARM-175,0,fulfilled,120.0,10.0,24.0,154.0,0.0,0.0
#1422,,,2025-01-20 13:00:00 +0000,2025-01-20 13:00:00 +0000,2,Womens Performa Jane Evo - Beige,150.0,V-SS26P-26W2102PNAN-BEG,0,fulfilled,,,,,,
#1423,edward05@example.org,paid,2025-11-01 12:00:00 +0000,2025-11-01 12:00:00 +0000,2,Marmalade Candle - 175g,60.0,CANDLE-MARM-175,0,fulfilled,120.0,10.0,24.0,154.0,0.0,0.0
#1423,,,2025-11-01 12:00:00 +0000,2025-11-01 12:00:00 +0000,1,Oversized Longsleeve Hoodie - Grey,365.0,RU02E1623-FW25P-50-BOSCO,0,fulfilled,,,,,,
#1423,,,2025-11-01 12:00:00 +0000,2025-11-01 12:00:00 +0000,1,Hollywood Banana Longsleeve Tee,235.0,RU02E1262-FW25P-50-WASHE,0,fulfilled,,,,,,
#1424,ben00@example.org,paid,2025-05-14 11:00:00 +0000,2025-05-14 11:00:00 +0000,2,Marmalade Candle - 175g,60.0,CANDLE-MARM-175,0,fulfilled,120.0,10.0,24.0,154.0,0.0,0.0
#1425,vanessa00@example.com,paid,2025-12-26 15:00:00 +0000,2025-12-26 15:00:00 +0000,1,Mens Jaya Evo Mules - Black,155.0,25M1501P-FW25P-43-BLACK,0,fulfilled,155.0,10.0,31.0,196.0,0.0,0.0
#1425,,,2025-12-26 15:00:00 +0000,2025-12-26 15:00:00 +0000,1,Marmalade Candle - 175g,60.0,CANDLE-MARM-175,0,fulfilled,,,,,,
#1426,kprice@example.net,paid,2025-06-14 20:00:00 +0000,2025-06-14 20:00:00 +0000,2,Oversized Longsleeve Hoodie - Grey,365.0,RU02E1623-FW25P-50-BOSCO,0,fulfilled,680.0,10.0,136.0,826.0,50.0,0.0
#1427,fmoore@example.org,paid,2025-02-25 20:00:00 +0000,2025-02-25 20:00:00 +0000,1,Sport Uniform Skirt - Black,250.0,SPORT-SKIRT-BLK-M,0,fulfilled,250.0,10.0,50.0,310.0,0.0,0.0
#1427,,,2025-02-25 20:00:00 +0000,2025-02-25 20:00:00 +0000,1,Marmalade Candle - 175g,60.0,CANDLE-MARM-175,0,fulfilled,,,,,,
#1428,georgebriggs@example.net,paid,2025-04-21 11:00:00 +0000,2025-04-21 11:00:00 +0000,2,Womens Performa Jane Evo - Beige,150.0,V-SS26P-26W2102PNAN-BEG,0,fulfilled,250.0,10.0,50.0,310.0,50.0,0.0
#1429,tjackson@example.com,paid,2025-03-25 14:00:00 +0000,2025-03-25 14:00:00 +0000,1,Mens Jaya Evo Mules - Black,155.0,25M1501P-FW25P-43-BLACK,0,fulfilled,155.0,10.0,31.0,196.0,0.0,0.0
#1430,hbanks@example.com,paid,2025-01-16 13:00:00 +0000,2025-01-16 13:00:00 +0000,2,Marmalade Candle - 175g,60.0,CANDLE-MARM-175,0,fulfilled,70.0,10.0,14.0,94.0,50.0,0.0
#1430,,,2025-01-16 13:00:00 +0000,2025-01-16 13:00:00 +0000,1,Womens Performa Jane Evo - Beige,150.0,V-SS26P-26W2102PNAN-BEG,0,fulfilled,,,,,,
#1430,,,2025-01-16 13:00:00 +0000,2025-01-16 13:00:00 +0000,1,Hollywood Banana Longsleeve Tee,235.0,RU02E1262-FW25P-50-WASHE,0,fulfilled,,,,,,
#1431,ufleming@example.com,paid,2025-06-16 17:00:00 +0000,2025-06-16 17:00:00 +0000,2,Marmalade Candle - 175g,60.0,CANDLE-MARM-175,0,fulfilled,70.0,10.0,14.0,94.0,50.0,0.0
#1431,,,2025-06-16 17:00:00 +0000,2025-06-16 17:00:00 +0000,1,Mens Jaya Evo Mules - Black,155.0,25M1501P-FW25P-43-BLACK,0,fulfilled,,,,,,
#1432,kim88@example.net,paid,2025-04-12 17:00:00 +0000,2025-04-12 17:00:00 +0000,2,Marmalade Candle - 175g,60.0,CANDLE-MARM-175,0,fulfilled,120.0,10.0,24.0,154.0,0.0,0.0
#1433,mary61@example.org,paid,2025-08-13 09:00:00 +0000,2025-08-13 09:00:00 +0000,2,Hollywood Banana Longsleeve Tee,235.0,RU02E1262-FW25P-50-WASHE,0,fulfilled,470.0,10.0,94.0,574.0,0.0,0.0
#1434,elizabethnewman@example.org,paid,2025-02-01 10:00:00 +0000,2025-02-01 10:00:00 +0000,1,Hollywood Banana Longsleeve Tee,235.0,RU02E1262-FW25P-50-WASHE,0,fulfilled,185.0,10.0,37.0,232.0,50.0,0.0
#1435,parkerjames@example.net,paid,2025-01-08 08:00:00 +0000,2025-01-08 08:00:00 +0000,2,Womens Performa Jane Evo - Beige,150.0,V-SS26P-26W2102PNAN-BEG,0,fulfilled,300.0,10.0,60.0,370.0,0.0,0.0
#1435,,,2025-01-08 08:00:00 +0000,2025-01-08 08:00:00 +0000,2,Oversized Longsleeve Hoodie - Grey,365.0,RU02E1623-FW25P-50-BOSCO,0,fulfilled,,,,,,
#1436,vincent28@example.org,paid,2025-09-14 15:00:00 +0000,2025-09-14 15:00:00 +0000,2,Hollywood Banana Longsleeve Tee,235.0,RU02E1262-FW25P-50-WASHE,0,fulfilled,420.0,10.0,84.0,514.0,50.0,0.0
#1437,csimpson@example.net,paid,2025-08-30 11:00:00 +0000,2025-08-30 11:00:00 +0000,2,Marmalade Candle - 175g,60.0,CANDLE-MARM-175,0,fulfilled,120.0,10.0,24.0,154.0,0.0,0.0
#1437,,,2025-08-30 11:00:00 +0000,2025-08-30 11:00:00 +0000,1,Womens Performa Jane Evo - Beige,150.0,V-SS26P-26W2102PNAN-BEG,0,fulfilled,,,,,,
#1438,yconway@example.org,paid,2025-03-18 20:00:00 +0000,2025-03-18 20:00:00 +0000,2,Womens Performa Jane Evo - Beige,150.0,V-SS26P-26W2102PNAN-BEG,0,fulfilled,300.0,10.0,60.0,370.0,0.0,0.0
#1438,,,2025-03-18 20:00:00 +0000,2025-03-18 20:00:00 +0000,1,Mens Jaya Evo Mules - Black,155.0,25M1501P-FW25P-43-BLACK,0,fulfilled,,,,,,
#1438,,,2025-03-18 20:00:00 +0000,2025-03-18 20:00:00 +0000,1,Oversized Longsleeve Hoodie - Grey,365.0,RU02E1623-FW25P-50-BOSCO,0,fulfilled,,,,,,
#1439,jacobshaw@example.net,paid,2025-08-09 09:00:00 +0000,2025-08-09 09:00:00 +0000,2,Womens Performa Jane Evo - Beige,150.0,V-SS26P-26W2102PNAN-BEG,0,fulfilled,300.0,10.0,60.0,370.0,0.0,0.0
#1439,,,2025-08-09 09:00:00 +0000,2025-08-09 09:00:00 +0000,1,Hollywood Banana Longsleeve Tee,235.0,RU02E1262-FW25P-50-WASHE,0,fulfilled,,,,,,
#1440,kauradrian@example.com,paid,2025-06-15 10:00:00 +0000,2025-06-15 10:00:00 +0000,2,Sport Uniform Skirt - Black,250.0,SPORT-SKIRT-BLK-M,0,fulfilled,450.0,10.0,90.0,550.0,50.0,0.0
#1440,,,2025-06-15 10:00:00 +0000,2025-06-15 10:00:00 +0000,2,Mens Jaya Evo Mules - Black,155.0,25M1501P-FW25P-43-BLACK,0,fulfilled,,,,,,
#1440,,,2025-06-15 10:00:00 +0000,2025-06-15 10:00:00 +0000,2,Hollywood Banana Longsleeve Tee,235.0,RU02E1262-FW25P-50-WASHE,0,fulfilled,,,,,,
#1441,josephwood@example.net,paid,2025-12-23 13:00:00 +0000,2025-12-23 13:00:00 +0000,2,Marmalade Candle - 175g,60.0,CANDLE-MARM-175,0,fulfilled,70.0,10.0,14.0,94.0,50.0,0.0
#1442,zrobinson@example.com,paid,2025-11-19 19:00:00 +0000,2025-11-19 19:00:00 +0000,2,Womens Performa Jane Evo - Beige,150.0,V-SS26P-26W2102PNAN-BEG,0,fulfilled,250.0,10.0,50.0,310.0,50.0,0.0
#1443,qreid@example.org,paid,2025-01-11 18:00:00 +0000,2025-01-11 18:00:00 +0000,2,Hollywood Banana Longsleeve Tee,235.0,RU02E1262-FW25P-50-WASHE,0,fulfilled,420.0,10.0,84.0,514.0,50.0,0.0
#1443,,,2025-01-11 18:00:00 +0000,2025-01-11 18:00:00 +0000,2,Oversized Longsleeve Hoodie - Grey,365.0,RU02E1623-FW25P-50-BOSCO,0,fulfilled,,,,,,
#1443,,,2025-01-11 18:00:00 +0000,2025-01-11 18:00:00 +0000,2,Sport Uniform Skirt - Black,250.0,SPORT-SKIRT-BLK-M,0,fulfilled,,,,,,
#1444,hazelsmith@example.com,paid,2025-11-26 20:00:00 +0000,2025-11-26 20:00:00 +0000,1,Hollywood Banana Longsleeve Tee,235.0,RU02E1262-FW25P-50-WASHE,0,fulfilled,185.0,10.0,37.0,232.0,50.0,0.0
#1445,joel40@example.com,paid,2025-05-22 14:00:00 +0000,2025-05-22 14:00:00 +0000,1,Mens Jaya Evo Mules - Black,155.0,25M1501P-FW25P-43-BLACK,0,fulfilled,155.0,10.0,31.0,196.0,0.0,0.0
#1445,,,2025-05-22 14:00:00 +0000,2025-05-22 14:00:00 +0000,2,Marmalade Candle - 175g,60.0,CANDLE-MARM-175,0,fulfilled,,,,,,
#1446,tony49@example.com,paid,2025-09-19 09:00:00 +0000,2025-09-19 09:00:00 +0000,2,Oversized Longsleeve Hoodie - Grey,365.0,RU02E1623-FW25P-50-BOSCO,0,fulfilled,680.0,10.0,136.0,826.0,50.0,0.0
#1446,,,2025-09-19 09:00:00 +0000,2025-09-19 09:00:00 +0000,1,Womens Performa Jane Evo - Beige,150.0,V-SS26P-26W2102PNAN-BEG,0,fulfilled,,,,,,
#1447,glennshah@example.com,paid,2025-02-18 20:00:00 +0000,2025-02-18 20:00:00 +0000,1,Mens Jaya Evo Mules - Black,155.0,25M1501P-FW25P-43-BLACK,0,fulfilled,105.0,10.0,21.0,136.0,50.0,0.0
#1447,,,2025-02-18 20:00:00 +0000,2025-02-18 20:00:00 +0000,1,Marmalade Candle - 175g,60.0,CANDLE-MARM-175,0,fulfilled,,,,,,
#1448,dobsonirene@example.net,paid,2025-12-24 08:00:00 +0000,2025-12-24 08:00:00 +0000,2,Hollywood Banana Longsleeve Tee,235.0,RU02E1262-FW25P-50-WASHE,0,fulfilled,420.0,10.0,84.0,514.0,50.0,0.0
#1448,,,2025-12-24 08:00:00 +0000,2025-12-24 08:00:00 +0000,1,Mens Jaya Evo Mules - Black,155.0,25M1501P-FW25P-43-BLACK,0,fulfilled,,,,,,
#1449,gerald53@example.net,paid,2025-10-25 17:00:00 +0000,2025-10-25 17:00:00 +0000,2,Womens Performa Jane Evo - Beige,150.0,V-SS26P-26W2102PNAN-BEG,0,fulfilled,300.0,10.0,60.0,370.0,0.0,0.0
#1450,billy27@example.net,paid,2025-11-12 10:00:00 +0000,2025-11-12 10:00:00 +0000,1,Sport Uniform Skirt - Black,250.0,SPORT-SKIRT-BLK-M,0,fulfilled,200.0,10.0,40.0,250.0,50.0,0.0
#1450,,,2025-11-12 10:00:00 +0000,2025-11-12 10:00:00 +0000,1,Hollywood Banana Longsleeve Tee,235.0,RU02E1262-FW25P-50-WASHE,0,fulfilled,,,,,,
#1451,ihargreaves@example.org,paid,2025-01-07 08:00:00 +0000,2025-01-07 08:00:00 +0000,1,Marmalade Candle - 175g,60.0,CANDLE-MARM-175,0,fulfilled,10.0,10.0,2.0,22.0,50.0,0.0
#1451,,,2025-01-07 08:00:00 +0000,2025-01-07 08:00:00 +0000,2,Oversized Longsleeve Hoodie - Grey,365.0,RU02E1623-FW25P-50-BOSCO,0,fulfilled,,,,,,
#1451,,,2025-01-07 08:00:00 +0000,2025-01-07 08:00:00 +0000,2,Hollywood Banana Longsleeve Tee,235.0,RU02E1262-FW25P-50-WASHE,0,fulfilled,,,,,,
#1452,fbegum@example.net,paid,2025-07-19 15:00:00 +0000,2025-07-19 15:00:00 +0000,2,Mens Jaya Evo Mules - Black,155.0,25M1501P-FW25P-43-BLACK,0,fulfilled,260.0,10.0,52.0,322.0,50.0,0.0
#1452,,,2025-07-19 15:00:00 +0000,2025-07-19 15:00:00 +0000,1,Sport Uniform Skirt - Black,250.0,SPORT-SKIRT-BLK-M,0,fulfilled,,,,,,
#1452,,,2025-07-19 15:00:00 +0000,2025-07-19 15:00:00 +0000,1,Marmalade Candle - 175g,60.0,CANDLE-MARM-175,0,fulfilled,,,,,,
#1453,samanthajohnson@example.net,paid,2025-11-13 20:00:00 +0000,2025-11-13 20:00:00 +0000,1,Oversized Longsleeve Hoodie - Grey,365.0,RU02E1623-FW25P-50-BOSCO,0,fulfilled,315.0,10.0,63.0,388.0,50.0,0.0
#1453,,,2025-11-13 20:00:00 +0000,2025-11-13 20:00:00 +0000,2,Hollywood Banana Longsleeve Tee,235.0,RU02E1262-FW25P-50-WASHE,0,fulfilled,,,,,,
#1453,,,2025-11-13 20:00:00 +0000,2025-11-13 20:00:00 +0000,1,Marmalade Candle - 175g,60.0,CANDLE-MARM-175,0,fulfilled,,,,,,
#1454,ritafreeman@example.org,paid,2025-08-06 20:00:00 +0000,2025-08-06 20:00:00 +0000,1,Mens Jaya Evo Mules - Black,155.0,25M1501P-FW25P-43-BLACK,0,fulfilled,105.0,10.0,21.0,136.0,50.0,0.0
#1455,russellbrown@example.com,paid,2025-10-30 12:00:00 +0000,2025-10-30 12:00:00 +0000,1,Womens Performa Jane Evo - Beige,150.0,V-SS26P-26W2102PNAN-BEG,0,fulfilled,150.0,10.0,30.0,190.0,0.0,0.0
#1456,uwood@example.net,paid,2025-07-26 20:00:00 +0000,2025-07-26 20:00:00 +0000,2,Oversized Longsleeve Hoodie - Grey,365.0,RU02E1623-FW25P-50-BOSCO,0,fulfilled,730.0,10.0,146.0,886.0,0.0,0.0
#1456,,,2025-07-26 20:00:00 +0000,2025-07-26 20:00:00 +0000,2,Marmalade Candle - 175g,60.0,CANDLE-MARM-175,0,fulfilled,,,,,,
#1456,,,2025-07-26 20:00:00 +0000,2025-07-26 20:00:00 +0000,1,Mens Jaya Evo Mules - Black,155.0,25M1501P-FW25P-43-BLACK,0,fulfilled,,,,,,
#1457,hayleygrant@example.net,paid,2025-06-04 19:00:00 +0000,2025-06-04 19:00:00 +0000,2,Womens Performa Jane Evo - Beige,150.0,V-SS26P-26W2102PNAN-BEG,0,fulfilled,250.0,10.0,50.0,310.0,50.0,0.0
#1458,elliottfrancis@example.com,paid,2025-11-24 08:00:00 +0000,2025-11-24 08:00:00 +0000,2,Mens Jaya Evo Mules - Black,155.0,25M1501P-FW25P-43-BLACK,0,fulfilled,310.0,10.0,62.0,382.0,0.0,0.0
#1458,,,2025-11-24 08:00:00 +0000,2025-11-24 08:00:00 +0000,1,Womens Performa Jane Evo - Beige,150.0,V-SS26P-26W2102PNAN-BEG,0,fulfilled,,,,,,
#1458,,,2025-11-24 08:00:00 +0000,2025-11-24 08:00:00 +0000,1,Hollywood Banana Longsleeve Tee,235.0,RU02E1262-FW25P-50-WASHE,0,fulfilled,,,,,,
#1459,marcus19@example.net,paid,2025-12-13 16:00:00 +0000,2025-12-13 16:00:00 +0000,2,Womens Performa Jane Evo - Beige,150.0,V-SS26P-26W2102PNAN-BEG,0,fulfilled,300.0,10.0,60.0,370.0,0.0,0.0
#1459,,,2025-12-13 16:00:00 +0000,2025-12-13 16:00:00 +0000,1,Hollywood Banana Longsleeve Tee,235.0,RU02E1262-FW25P-50-WASHE,0,fulfilled,,,,,,
#1459,,,2025-12-13 16:00:00 +0000,2025-12-13 16:00:00 +0000,2,Mens Jaya Evo Mules - Black,155.0,25M1501P-FW25P-43-BLACK,0,fulfilled,,,,,,
#1460,wgregory@example.net,paid,2025-04-06 16:00:00 +0000,2025-04-06 16:00:00 +0000,2,Marmalade Candle - 175g,60.0,CANDLE-MARM-175,0,fulfilled,70.0,10.0,14.0,94.0,50.0,0.0
#1460,,,2025-04-06 16:00:00 +0000,2025-04-06 16:00:00 +0000,1,Sport Uniform Skirt - Black,250.0,SPORT-SKIRT-BLK-M,0,fulfilled,,,,,,
#1461,afrancis@example.net,paid,2025-05-06 09:00:00 +0000,2025-05-06 09:00:00 +0000,2,Womens Performa Jane Evo - Beige,150.0,V-SS26P-26W2102PNAN-BEG,0,fulfilled,300.0,10.0,60.0,370.0,0.0,0.0
#1462,clarkalexander@example.com,paid,2025-10-08 17:00:00 +0000,2025-10-08 17:00:00 +0000,2,Womens Performa Jane Evo - Beige,150.0,V-SS26P-26W2102PNAN-BEG,0,fulfilled,250.0,10.0,50.0,310.0,50.0,0.0
#1462,,,2025-10-08 17:00:00 +0000,2025-10-08 17:00:00 +0000,1,Oversized Longsleeve Hoodie - Grey,365.0,RU02E1623-FW25P-50-BOSCO,0,fulfilled,,,,,,
#1463,rjordan@example.com,paid,2025-10-15 22:00:00 +0000,2025-10-15 22:00:00 +0000,2,Marmalade Candle - 175g,60.0,CANDLE-MARM-175,0,fulfilled,70.0,10.0,14.0,94.0,50.0,0.0
#1463,,,2025-10-15 22:00:00 +0000,2025-10-15 22:00:00 +0000,1,Mens Jaya Evo Mules - Black,155.0,25M1501P-FW25P-43-BLACK,0,fulfilled,,,,,,
#1464,gmason@example.net,paid,2025-09-30 15:00:00 +0000,2025-09-30 15:00:00 +0000,1,Sport Uniform Skirt - Black,250.0,SPORT-SKIRT-BLK-M,0,fulfilled,250.0,10.0,50.0,310.0,0.0,0.0
#1465,russellgerard@example.org,paid,2025-07-05 19:00:00 +0000,2025-07-05 19:00:00 +0000,1,Oversized Longsleeve Hoodie - Grey,365.0,RU02E1623-FW25P-50-BOSCO,0,fulfilled,365.0,10.0,73.0,448.0,0.0,0.0
#1466,joan42@example.net,paid,2025-01-16 14:00:00 +0000,2025-01-16 14:00:00 +0000,2,Mens Jaya Evo Mules - Black,155.0,25M1501P-FW25P-43-BLACK,0,fulfilled,310.0,10.0,62.0,382.0,0.0,0.0
#1467,zsmith@example.org,paid,2025-12-23 13:00:00 +0000,2025-12-23 13:00:00 +0000,2,Sport Uniform Skirt - Black,250.0,SPORT-SKIRT-BLK-M,0,fulfilled,500.0,10.0,100.0,610.0,0.0,0.0
#1468,phillip49@example.org,paid,2025-08-20 08:00:00 +0000,2025-08-20 08:00:00 +0000,2,Womens Performa Jane Evo - Beige,150.0,V-SS26P-26W2102PNAN-BEG,0,fulfilled,250.0,10.0,50.0,310.0,50.0,0.0
#1468,,,2025-08-20 08:00:00 +0000,2025-08-20 08:00:00 +0000,2,Hollywood Banana Longsleeve Tee,235.0,RU02E1262-FW25P-50-WASHE,0,fulfilled,,,,,,
#1469,danielle73@example.org,paid,2025-09-28 08:00:00 +0000,2025-09-28 08:00:00 +0000,2,Womens Performa Jane Evo - Beige,150.0,V-SS26P-26W2102PNAN-BEG,0,fulfilled,300.0,10.0,60.0,370.0,0.0,0.0
#1470,ismith@example.com,paid,2025-04-04 09:00:00 +0000,2025-04-04 09:00:00 +0000,1,Womens Performa Jane Evo - Beige,150.0,V-SS26P-26W2102PNAN-BEG,0,fulfilled,150.0,10.0,30.0,190.0,0.0,0.0
#1471,tgrant@example.net,paid,2025-04-05 12:00:00 +0000,2025-04-05 12:00:00 +0000,1,Oversized Longsleeve Hoodie - Grey,365.0,RU02E1623-FW25P-50-BOSCO,0,fulfilled,365.0,10.0,73.0,448.0,0.0,0.0
#1471,,,2025-04-05 12:00:00 +0000,2025-04-05 12:00:00 +0000,2,Womens Performa Jane Evo - Beige,150.0,V-SS26P-26W2102PNAN-BEG,0,fulfilled,,,,,,
#1471,,,2025-04-05 12:00:00 +0000,2025-04-05 12:00:00 +0000,2,Hollywood Banana Longsleeve Tee,235.0,RU02E1262-FW25P-50-WASHE,0,fulfilled,,,,,,
#1472,knightgregory@example.net,paid,2025-04-19 20:00:00 +0000,2025-04-19 20:00:00 +0000,2,Mens Jaya Evo Mules - Black,155.0,25M1501P-FW25P-43-BLACK,0,fulfilled,310.0,10.0,62.0,382.0,0.0,0.0
#1473,rosemary10@example.org,paid,2025-07-01 15:00:00 +0000,2025-07-01 15:00:00 +0000,1,Oversized Longsleeve Hoodie - Grey,365.0,RU02E1623-FW25P-50-BOSCO,0,fulfilled,365.0,10.0,73.0,448.0,0.0,0.0
#1473,,,2025-07-01 15:00:00 +0000,2025-07-01 15:00:00 +0000,1,Marmalade Candle - 175g,60.0,CANDLE-MARM-175,0,fulfilled,,,,,,
#1474,nwilliams@example.com,paid,2025-01-02 12:00:00 +0000,2025-01-02 12:00:00 +0000,2,Hollywood Banana Longsleeve Tee,235.0,RU02E1262-FW25P-50-WASHE,0,fulfilled,470.0,10.0,94.0,574.0,0.0,0.0
#1475,eileenhughes@example.net,paid,2025-08-22 08:00:00 +0000,2025-08-22 08:00:00 +0000,2,Marmalade Candle - 175g,60.0,CANDLE-MARM-175,0,fulfilled,70.0,10.0,14.0,94.0,50.0,0.0
#1475,,,2025-08-22 08:00:00 +0000,2025-08-22 08:00:00 +0000,2,Womens Performa Jane Evo - Beige,150.0,V-SS26P-26W2102PNAN-BEG,0,fulfilled,,,,,,
#1476,stuartmellor@example.net,paid,2025-02-02 15:00:00 +0000,2025-02-02 15:00:00 +0000,2,Sport Uniform Skirt - Black,250.0,SPORT-SKIRT-BLK-M,0,fulfilled,500.0,10.0,100.0,610.0,0.0,0.0
#1477,morrisdiana@example.net,paid,2025-05-09 22:00:00 +0000,2025-05-09 22:00:00 +0000,2,Sport Uniform Skirt - Black,250.0,SPORT-SKIRT-BLK-M,0,fulfilled,450.0,10.0,90.0,550.0,50.0,0.0
#1478,alicewalsh@example.net,paid,2025-03-21 13:00:00 +0000,2025-03-21 13:00:00 +0000,2,Marmalade Candle - 175g,60.0,CANDLE-MARM-175,0,fulfilled,120.0,10.0,24.0,154.0,0.0,0.0
#1478,,,2025-03-21 13:00:00 +0000,2025-03-21 13:00:00 +0000,1,Mens Jaya Evo Mules - Black,155.0,25M1501P-FW25P-43-BLACK,0,fulfilled,,,,,,
#1478,,,2025-03-21 13:00:00 +0000,2025-03-21 13:00:00 +0000,1,Hollywood Banana Longsleeve Tee,235.0,RU02E1262-FW25P-50-WASHE,0,fulfilled,,,,,,
#1479,raymondprice@example.net,paid,2025-08-28 21:00:00 +0000,2025-08-28 21:00:00 +0000,2,Oversized Longsleeve Hoodie - Grey,365.0,RU02E1623-FW25P-50-BOSCO,0,fulfilled,730.0,10.0,146.0,886.0,0.0,0.0
#1479,,,2025-08-28 21:00:00 +0000,2025-08-28 21:00:00 +0000,2,Marmalade Candle - 175g,60.0,CANDLE-MARM-175,0,fulfilled,,,,,,
#1480,marilyn03@example.com,paid,2025-04-08 16:00:00 +0000,2025-04-08 16:00:00 +0000,1,Sport Uniform Skirt - Black,250.0,SPORT-SKIRT-BLK-M,0,fulfilled,200.0,10.0,40.0,250.0,50.0,0.0
#1480,,,2025-04-08 16:00:00 +0000,2025-04-08 16:00:00 +0000,2,Mens Jaya Evo Mules - Black,155.0,25M1501P-FW25P-43-BLACK,0,fulfilled,,,,,,
#1480,,,2025-04-08 16:00:00 +0000,2025-04-08 16:00:00 +0000,1,Oversized Longsleeve Hoodie - Grey,365.0,RU02E1623-FW25P-50-BOSCO,0,fulfilled,,,,,,
#1481,nicola55@example.com,paid,2025-02-28 08:00:00 +0000,2025-02-28 08:00:00 +0000,2,Hollywood Banana Longsleeve Tee,235.0,RU02E1262-FW25P-50-WASHE,0,fulfilled,420.0,10.0,84.0,514.0,50.0,0.0
#1482,mburton@example.org,paid,2025-11-13 09:00:00 +0000,2025-11-13 09:00:00 +0000,1,Sport Uniform Skirt - Black,250.0,SPORT-SKIRT-BLK-M,0,fulfilled,250.0,10.0,50.0,310.0,0.0,0.0
#1483,amberjones@example.org,paid,2025-04-02 18:00:00 +0000,2025-04-02 18:00:00 +0000,1,Marmalade Candle - 175g,60.0,CANDLE-MARM-175,0,fulfilled,60.0,10.0,12.0,82.0,0.0,0.0
#1483,,,2025-04-02 18:00:00 +0000,2025-04-02 18:00:00 +0000,2,Oversized Longsleeve Hoodie - Grey,365.0,RU02E1623-FW25P-50-BOSCO,0,fulfilled,,,,,,
#1483,,,2025-04-02 18:00:00 +0000,2025-04-02 18:00:00 +0000,2,Womens Performa Jane Evo - Beige,150.0,V-SS26P-26W2102PNAN-BEG,0,fulfilled,,,,,,
#1484,donnawade@example.com,paid,2025-09-29 14:00:00 +0000,2025-09-29 14:00:00 +0000,1,Oversized Longsleeve Hoodie - Grey,365.0,RU02E1623-FW25P-50-BOSCO,0,fulfilled,365.0,10.0,73.0,448.0,0.0,0.0
#1484,,,2025-09-29 14:00:00 +0000,2025-09-29 14:00:00 +0000,1,Mens Jaya Evo Mules - Black,155.0,25M1501P-FW25P-43-BLACK,0,fulfilled,,,,,,
#1485,allenmatthew@example.com,paid,2025-08-03 14:00:00 +0000,2025-08-03 14:00:00 +0000,2,Oversized Longsleeve Hoodie - Grey,365.0,RU02E1623-FW25P-50-BOSCO,0,fulfilled,730.0,10.0,146.0,886.0,0.0,0.0
#1485,,,2025-08-03 14:00:00 +0000,2025-08-03 14:00:00 +0000,1,Hollywood Banana Longsleeve Tee,235.0,RU02E1262-FW25P-50-WASHE,0,fulfilled,,,,,,
#1486,roy54@example.org,paid,2025-12-20 09:00:00 +0000,2025-12-20 09:00:00 +0000,1,Hollywood Banana Longsleeve Tee,235.0,RU02E1262-FW25P-50-WASHE,0,fulfilled,235.0,10.0,47.0,292.0,0.0,0.0
#1487,morrispatricia@example.net,paid,2025-03-03 08:00:00 +0000,2025-03-03 08:00:00 +0000,1,Marmalade Candle - 175g,60.0,CANDLE-MARM-175,0,fulfilled,10.0,10.0,2.0,22.0,50.0,0.0
#1487,,,2025-03-03 08:00:00 +0000,2025-03-03 08:00:00 +0000,1,Womens Performa Jane Evo - Beige,150.0,V-SS26P-26W2102PNAN-BEG,0,fulfilled,,,,,,
#1488,garyhayward@example.com,paid,2025-06-10 09:00:00 +0000,2025-06-10 09:00:00 +0000,1,Mens Jaya Evo Mules - Black,155.0,25M1501P-FW25P-43-BLACK,0,fulfilled,155.0,10.0,31.0,196.0,0.0,0.0
#1488,,,2025-06-10 09:00:00 +0000,2025-06-10 09:00:00 +0000,1,Marmalade Candle - 175g,60.0,CANDLE-MARM-175,0,fulfilled,,,,,,
#1488,,,2025-06-10 09:00:00 +0000,2025-06-10 09:00:00 +0000,2,Sport Uniform Skirt - Black,250.0,SPORT-SKIRT-BLK-M,0,fulfilled,,,,,,
#1489,smithmitchell@example.net,paid,2025-10-17 22:00:00 +0000,2025-10-17 22:00:00 +0000,1,Hollywood Banana Longsleeve Tee,235.0,RU02E1262-FW25P-50-WASHE,0,fulfilled,235.0,10.0,47.0,292.0,0.0,0.0
#1489,,,2025-10-17 22:00:00 +0000,2025-10-17 22:00:00 +0000,2,Marmalade Candle - 175g,60.0,CANDLE-MARM-175,0,fulfilled,,,,,,
#1489,,,2025-10-17 22:00:00 +0000,2025-10-17 22:00:00 +0000,1,Mens Jaya Evo Mules - Black,155.0,25M1501P-FW25P-43-BLACK,0,fulfilled,,,,,,
#1490,eoconnor@example.net,paid,2025-04-29 11:00:00 +0000,2025-04-29 11:00:00 +0000,2,Mens Jaya Evo Mules - Black,155.0,25M1501P-FW25P-43-BLACK,0,fulfilled,310.0,10.0,62.0,382.0,0.0,0.0
#1491,aaron68@example.com,paid,2025-06-21 19:00:00 +0000,2025-06-21 19:00:00 +0000,1,Marmalade Candle - 175g,60.0,CANDLE-MARM-175,0,fulfilled,60.0,10.0,12.0,82.0,0.0,0.0
#1491,,,2025-06-21 19:00:00 +0000,2025-06-21 19:00:00 +0000,1,Womens Performa Jane Evo - Beige,150.0,V-SS26P-26W2102PNAN-BEG,0,fulfilled,,,,,,
#1491,,,2025-06-21 19:00:00 +0000,2025-06-21 19:00:00 +0000,1,Sport Uniform Skirt - Black,250.0,SPORT-SKIRT-BLK-M,0,fulfilled,,,,,,
#1492,voneill@example.net,paid,2025-07-14 17:00:00 +0000,2025-07-14 17:00:00 +0000,2,Womens Performa Jane Evo - Beige,150.0,V-SS26P-26W2102PNAN-BEG,0,fulfilled,250.0,10.0,50.0,310.0,50.0,0.0
#1492,,,2025-07-14 17:00:00 +0000,2025-07-14 17:00:00 +0000,1,Marmalade Candle - 175g,60.0,CANDLE-MARM-175,0,fulfilled,,,,,,
#1493,anthony65@example.org,paid,2025-03-26 17:00:00 +0000,2025-03-26 17:00:00 +0000,1,Sport Uniform Skirt - Black,250.0,SPORT-SKIRT-BLK-M,0,fulfilled,250.0,10.0,50.0,310.0,0.0,0.0
#1493,,,2025-03-26 17:00:00 +0000,2025-03-26 17:00:00 +0000,2,Mens Jaya Evo Mules - Black,155.0,25M1501P-FW25P-43-BLACK,0,fulfilled,,,,,,
#1494,edwardsbenjamin@example.net,paid,2025-01-29 10:00:00 +0000,2025-01-29 10:00:00 +0000,1,Marmalade Candle - 175g,60.0,CANDLE-MARM-175,0,fulfilled,10.0,10.0,2.0,22.0,50.0,0.0
#1495,callum31@example.com,paid,2025-04-16 08:00:00 +0000,2025-04-16 08:00:00 +0000,2,Hollywood Banana Longsleeve Tee,235.0,RU02E1262-FW25P-50-WASHE,0,fulfilled,470.0,10.0,94.0,574.0,0.0,0.0
#1495,,,2025-04-16 08:00:00 +0000,2025-04-16 08:00:00 +0000,2,Sport Uniform Skirt - Black,250.0,SPORT-SKIRT-BLK-M,0,fulfilled,,,,,,
#1496,macdonalddanny@example.com,paid,2025-11-29 12:00:00 +0000,2025-11-29 12:00:00 +0000,1,Sport Uniform Skirt - Black,250.0,SPORT-SKIRT-BLK-M,0,fulfilled,250.0,10.0,50.0,310.0,0.0,0.0
#1496,,,2025-11-29 12:00:00 +0000,2025-11-29 12:00:00 +0000,2,Mens Jaya Evo Mules - Black,155.0,25M1501P-FW25P-43-BLACK,0,fulfilled,,,,,,
#1496,,,2025-11-29 12:00:00 +0000,2025-11-29 12:00:00 +0000,2,Womens Performa Jane Evo - Beige,150.0,V-SS26P-26W2102PNAN-BEG,0,fulfilled,,,,,,
#1497,marilyn88@example.net,paid,2025-08-06 11:00:00 +0000,2025-08-06 11:00:00 +0000,2,Sport Uniform Skirt - Black,250.0,SPORT-SKIRT-BLK-M,0,fulfilled,450.0,10.0,90.0,550.0,50.0,0.0
#1497,,,2025-08-06 11:00:00 +0000,2025-08-06 11:00:00 +0000,2,Oversized Longsleeve Hoodie - Grey,365.0,RU02E1623-FW25P-50-BOSCO,0,fulfilled,,,,,,
#1498,oliviaclements@example.net,paid,2025-12-18 11:00:00 +0000,2025-12-18 11:00:00 +0000,2,Womens Performa Jane Evo - Beige,150.0,V-SS26P-26W2102PNAN-BEG,0,fulfilled,300.0,10.0,60.0,370.0,0.0,0.0
#1498,,,2025-12-18 11:00:00 +0000,2025-12-18 11:00:00 +0000,2,Marmalade Candle - 175g,60.0,CANDLE-MARM-175,0,fulfilled,,,,,,
#1498,,,2025-12-18 11:00:00 +0000,2025-12-18 11:00:00 +0000,1,Mens Jaya Evo Mules - Black,155.0,25M1501P-FW25P-43-BLACK,0,fulfilled,,,,,,
#1499,taylorcarol@example.org,paid,2025-01-11 12:00:00 +0000,2025-01-11 12:00:00 +0000,1,Womens Performa Jane Evo - Beige,150.0,V-SS26P-26W2102PNAN-BEG,0,fulfilled,100.0,10.0,20.0,130.0,50.0,0.0
#1499,,,2025-01-11 12:00:00 +0000,2025-01-11 12:00:00 +0000,2,Oversized Longsleeve Hoodie - Grey,365.0,RU02E1623-FW25P-50-BOSCO,0,fulfilled,,,,,,
#1499,,,2025-01-11 12:00:00 +0000,2025-01-11 12:00:00 +0000,2,Marmalade Candle - 175g,60.0,CANDLE-MARM-175,0,fulfilled,,,,,,
